2025-11-18 14:25:46,080 - Log file created at: ./logs/Adapter_qwen34B_123_234_20251118_142546.log
2025-11-18 14:25:59,740 - Sample training data:
2025-11-18 14:25:59,741 - 757668
2025-11-18 14:26:02,186 - Starting fresh training with 16-bit quantization
2025-11-18 14:27:28,168 - Fresh training - Initial LR: 5.00e-06
2025-11-18 14:27:28,168 - Starting training from step 1 to 236780
2025-11-18 14:27:49,850 - Step 50/236780 (0.0%), Loss: 0.7873, LR: 1.27e-09, Tokens: 274
2025-11-18 14:27:49,851 -   Scheduler step: 3, Optimizer step count: 50
2025-11-18 14:28:10,469 - Step 100/236780 (0.0%), Loss: 1.2972, LR: 2.53e-09, Tokens: 279
2025-11-18 14:28:10,469 -   Scheduler step: 6, Optimizer step count: 100
2025-11-18 14:28:38,637 - ✓ New best validation loss: 1.071732
2025-11-18 14:29:10,001 - Step 150/236780 (0.1%), Loss: 1.3247, LR: 3.80e-09, Tokens: 284
2025-11-18 14:29:10,002 -   Scheduler step: 9, Optimizer step count: 150
2025-11-18 14:29:39,161 - Step 200/236780 (0.1%), Loss: 1.2814, LR: 5.07e-09, Tokens: 279
2025-11-18 14:29:39,161 -   Scheduler step: 12, Optimizer step count: 200
2025-11-18 14:30:00,849 - ✓ New best validation loss: 1.071283
2025-11-18 14:30:05,400 - ✓ Checkpoint saved at step 200
2025-11-18 14:30:34,551 - Step 250/236780 (0.1%), Loss: 1.3212, LR: 6.33e-09, Tokens: 284
2025-11-18 14:30:34,551 -   Scheduler step: 15, Optimizer step count: 250
2025-11-18 14:31:06,012 - Step 300/236780 (0.1%), Loss: 1.3514, LR: 7.60e-09, Tokens: 278
2025-11-18 14:31:06,012 -   Scheduler step: 18, Optimizer step count: 300
2025-11-18 14:31:33,599 - Validation loss at step 300: 1.074021 (no improvement: 1/20)
2025-11-18 14:32:04,559 - Step 350/236780 (0.1%), Loss: 1.2957, LR: 8.87e-09, Tokens: 279
2025-11-18 14:32:04,559 -   Scheduler step: 21, Optimizer step count: 350
2025-11-18 14:32:33,393 - Step 400/236780 (0.2%), Loss: 0.6427, LR: 1.06e-08, Tokens: 312
2025-11-18 14:32:33,394 -   Scheduler step: 25, Optimizer step count: 400
2025-11-18 14:32:55,459 - ✓ New best validation loss: 1.070462
2025-11-18 14:32:59,880 - ✓ Checkpoint saved at step 400
2025-11-18 14:33:28,880 - Step 450/236780 (0.2%), Loss: 1.2474, LR: 1.18e-08, Tokens: 283
2025-11-18 14:33:28,880 -   Scheduler step: 28, Optimizer step count: 450
2025-11-18 14:33:59,996 - Step 500/236780 (0.2%), Loss: 0.6695, LR: 1.31e-08, Tokens: 296
2025-11-18 14:33:59,997 -   Scheduler step: 31, Optimizer step count: 500
2025-11-18 14:34:28,376 - Validation loss at step 500: 1.072597 (no improvement: 1/20)
2025-11-18 14:34:59,345 - Step 550/236780 (0.2%), Loss: 0.2507, LR: 1.44e-08, Tokens: 289
2025-11-18 14:34:59,346 -   Scheduler step: 34, Optimizer step count: 550
2025-11-18 14:35:28,333 - Step 600/236780 (0.3%), Loss: 1.2820, LR: 1.56e-08, Tokens: 280
2025-11-18 14:35:28,333 -   Scheduler step: 37, Optimizer step count: 600
2025-11-18 14:35:50,117 - Validation loss at step 600: 1.070780 (no improvement: 2/20)
2025-11-18 14:35:54,504 - ✓ Checkpoint saved at step 600
2025-11-18 14:36:23,313 - Step 650/236780 (0.3%), Loss: 1.3110, LR: 1.69e-08, Tokens: 277
2025-11-18 14:36:23,314 -   Scheduler step: 40, Optimizer step count: 650
2025-11-18 14:36:54,356 - Step 700/236780 (0.3%), Loss: 0.6679, LR: 1.82e-08, Tokens: 299
2025-11-18 14:36:54,356 -   Scheduler step: 43, Optimizer step count: 700
2025-11-18 14:37:23,361 - Validation loss at step 700: 1.073172 (no improvement: 3/20)
2025-11-18 14:37:54,472 - Step 750/236780 (0.3%), Loss: 1.2195, LR: 1.94e-08, Tokens: 287
2025-11-18 14:37:54,473 -   Scheduler step: 46, Optimizer step count: 750
2025-11-18 14:38:23,381 - Step 800/236780 (0.3%), Loss: 1.2132, LR: 2.11e-08, Tokens: 278
2025-11-18 14:38:23,381 -   Scheduler step: 50, Optimizer step count: 800
2025-11-18 14:38:44,487 - Validation loss at step 800: 1.073426 (no improvement: 4/20)
2025-11-18 14:38:48,517 - ✓ Checkpoint saved at step 800
2025-11-18 14:39:17,344 - Step 850/236780 (0.4%), Loss: 0.2342, LR: 2.24e-08, Tokens: 294
2025-11-18 14:39:17,345 -   Scheduler step: 53, Optimizer step count: 850
2025-11-18 14:39:48,597 - Step 900/236780 (0.4%), Loss: 1.2309, LR: 2.37e-08, Tokens: 285
2025-11-18 14:39:48,598 -   Scheduler step: 56, Optimizer step count: 900
2025-11-18 14:40:18,687 - ✓ New best validation loss: 1.069563
2025-11-18 14:40:50,139 - Step 950/236780 (0.4%), Loss: 0.6776, LR: 2.49e-08, Tokens: 304
2025-11-18 14:40:50,140 -   Scheduler step: 59, Optimizer step count: 950
2025-11-18 14:41:19,177 - Step 1000/236780 (0.4%), Loss: 1.2082, LR: 2.62e-08, Tokens: 291
2025-11-18 14:41:19,178 -   Scheduler step: 62, Optimizer step count: 1000
2025-11-18 14:41:41,038 - Validation loss at step 1000: 1.070859 (no improvement: 1/20)
2025-11-18 14:41:45,149 - ✓ Checkpoint saved at step 1000
2025-11-18 14:42:14,455 - Step 1050/236780 (0.4%), Loss: 1.2648, LR: 2.75e-08, Tokens: 280
2025-11-18 14:42:14,460 -   Scheduler step: 65, Optimizer step count: 1050
2025-11-18 14:42:45,317 - Step 1100/236780 (0.5%), Loss: 1.2460, LR: 2.87e-08, Tokens: 282
2025-11-18 14:42:45,318 -   Scheduler step: 68, Optimizer step count: 1100
2025-11-18 14:43:17,504 - Validation loss at step 1100: 1.069799 (no improvement: 2/20)
2025-11-18 14:43:48,132 - Step 1150/236780 (0.5%), Loss: 1.2407, LR: 3.00e-08, Tokens: 284
2025-11-18 14:43:48,132 -   Scheduler step: 71, Optimizer step count: 1150
2025-11-18 14:44:17,364 - Step 1200/236780 (0.5%), Loss: 0.8342, LR: 3.17e-08, Tokens: 264
2025-11-18 14:44:17,365 -   Scheduler step: 75, Optimizer step count: 1200
2025-11-18 14:44:44,170 - Validation loss at step 1200: 1.071275 (no improvement: 3/20)
2025-11-18 14:44:48,635 - ✓ Checkpoint saved at step 1200
2025-11-18 14:45:19,341 - Step 1250/236780 (0.5%), Loss: 1.2262, LR: 3.29e-08, Tokens: 278
2025-11-18 14:45:19,341 -   Scheduler step: 78, Optimizer step count: 1250
2025-11-18 14:45:48,272 - Step 1300/236780 (0.5%), Loss: 0.7127, LR: 3.42e-08, Tokens: 294
2025-11-18 14:45:48,273 -   Scheduler step: 81, Optimizer step count: 1300
2025-11-18 14:46:21,475 - Validation loss at step 1300: 1.070275 (no improvement: 4/20)
2025-11-18 14:46:49,889 - Step 1350/236780 (0.6%), Loss: 1.2100, LR: 3.55e-08, Tokens: 279
2025-11-18 14:46:49,889 -   Scheduler step: 84, Optimizer step count: 1350
2025-11-18 14:47:20,625 - Step 1400/236780 (0.6%), Loss: 0.6632, LR: 3.67e-08, Tokens: 303
2025-11-18 14:47:20,625 -   Scheduler step: 87, Optimizer step count: 1400
2025-11-18 14:47:48,764 - Validation loss at step 1400: 1.070339 (no improvement: 5/20)
2025-11-18 14:47:53,676 - ✓ Checkpoint saved at step 1400
2025-11-18 14:48:24,614 - Step 1450/236780 (0.6%), Loss: 1.3154, LR: 3.80e-08, Tokens: 278
2025-11-18 14:48:24,614 -   Scheduler step: 90, Optimizer step count: 1450
2025-11-18 14:48:53,378 - Step 1500/236780 (0.6%), Loss: 0.7908, LR: 3.93e-08, Tokens: 270
2025-11-18 14:48:53,379 -   Scheduler step: 93, Optimizer step count: 1500
2025-11-18 14:49:27,310 - ✓ New best validation loss: 1.069260
2025-11-18 14:49:56,386 - Step 1550/236780 (0.7%), Loss: 1.3163, LR: 4.05e-08, Tokens: 275
2025-11-18 14:49:56,386 -   Scheduler step: 96, Optimizer step count: 1550
2025-11-18 14:50:27,245 - Step 1600/236780 (0.7%), Loss: 0.2851, LR: 4.22e-08, Tokens: 264
2025-11-18 14:50:27,245 -   Scheduler step: 100, Optimizer step count: 1600
2025-11-18 14:50:56,179 - ✓ New best validation loss: 1.067378
2025-11-18 14:51:00,985 - ✓ Checkpoint saved at step 1600
2025-11-18 14:51:32,002 - Step 1650/236780 (0.7%), Loss: 1.2197, LR: 4.35e-08, Tokens: 286
2025-11-18 14:51:32,002 -   Scheduler step: 103, Optimizer step count: 1650
2025-11-18 14:51:58,717 - Step 1700/236780 (0.7%), Loss: 0.6677, LR: 4.48e-08, Tokens: 298
2025-11-18 14:51:58,717 -   Scheduler step: 106, Optimizer step count: 1700
2025-11-18 14:52:32,829 - ✓ New best validation loss: 1.066900
2025-11-18 14:53:01,931 - Step 1750/236780 (0.7%), Loss: 1.2077, LR: 4.60e-08, Tokens: 286
2025-11-18 14:53:01,931 -   Scheduler step: 109, Optimizer step count: 1750
2025-11-18 14:53:33,095 - Step 1800/236780 (0.8%), Loss: 0.7608, LR: 4.73e-08, Tokens: 279
2025-11-18 14:53:33,095 -   Scheduler step: 112, Optimizer step count: 1800
2025-11-18 14:54:03,465 - ✓ New best validation loss: 1.063765
2025-11-18 14:54:08,265 - ✓ Checkpoint saved at step 1800
2025-11-18 14:54:37,151 - Step 1850/236780 (0.8%), Loss: 0.2845, LR: 4.86e-08, Tokens: 266
2025-11-18 14:54:37,152 -   Scheduler step: 115, Optimizer step count: 1850
2025-11-18 14:55:08,041 - Step 1900/236780 (0.8%), Loss: 1.2326, LR: 4.98e-08, Tokens: 282
2025-11-18 14:55:08,042 -   Scheduler step: 118, Optimizer step count: 1900
2025-11-18 14:55:42,818 - ✓ New best validation loss: 1.061928
2025-11-18 14:56:13,938 - Step 1950/236780 (0.8%), Loss: 1.2564, LR: 5.11e-08, Tokens: 278
2025-11-18 14:56:13,938 -   Scheduler step: 121, Optimizer step count: 1950
2025-11-18 14:56:38,867 - Step 2000/236780 (0.8%), Loss: 1.2654, LR: 5.28e-08, Tokens: 280
2025-11-18 14:56:38,867 -   Scheduler step: 125, Optimizer step count: 2000
2025-11-18 14:56:56,724 - ✓ New best validation loss: 1.061400
2025-11-18 14:57:00,838 - ✓ Checkpoint saved at step 2000
2025-11-18 14:57:19,099 - Step 2050/236780 (0.9%), Loss: 0.2520, LR: 5.41e-08, Tokens: 283
2025-11-18 14:57:19,099 -   Scheduler step: 128, Optimizer step count: 2050
2025-11-18 14:57:38,705 - Step 2100/236780 (0.9%), Loss: 0.6470, LR: 5.53e-08, Tokens: 304
2025-11-18 14:57:38,706 -   Scheduler step: 131, Optimizer step count: 2100
2025-11-18 14:58:03,757 - ✓ New best validation loss: 1.060113
2025-11-18 14:58:23,595 - Step 2150/236780 (0.9%), Loss: 0.2237, LR: 5.66e-08, Tokens: 295
2025-11-18 14:58:23,596 -   Scheduler step: 134, Optimizer step count: 2150
2025-11-18 14:58:42,784 - Step 2200/236780 (0.9%), Loss: 1.2573, LR: 5.79e-08, Tokens: 283
2025-11-18 14:58:42,784 -   Scheduler step: 137, Optimizer step count: 2200
2025-11-18 14:59:00,902 - ✓ New best validation loss: 1.057618
2025-11-18 14:59:05,379 - ✓ Checkpoint saved at step 2200
2025-11-18 14:59:24,741 - Step 2250/236780 (1.0%), Loss: 0.8033, LR: 5.91e-08, Tokens: 268
2025-11-18 14:59:24,742 -   Scheduler step: 140, Optimizer step count: 2250
2025-11-18 14:59:43,573 - Step 2300/236780 (1.0%), Loss: 1.2554, LR: 6.04e-08, Tokens: 280
2025-11-18 14:59:43,573 -   Scheduler step: 143, Optimizer step count: 2300
2025-11-18 15:00:01,905 - ✓ New best validation loss: 1.057345
2025-11-18 15:00:23,135 - Step 2350/236780 (1.0%), Loss: 0.6624, LR: 6.17e-08, Tokens: 299
2025-11-18 15:00:23,135 -   Scheduler step: 146, Optimizer step count: 2350
2025-11-18 15:00:43,696 - Step 2400/236780 (1.0%), Loss: 0.6995, LR: 6.33e-08, Tokens: 292
2025-11-18 15:00:43,697 -   Scheduler step: 150, Optimizer step count: 2400
2025-11-18 15:01:06,293 - ✓ New best validation loss: 1.054283
2025-11-18 15:01:11,749 - ✓ Checkpoint saved at step 2400
2025-11-18 15:01:31,135 - Step 2450/236780 (1.0%), Loss: 1.2321, LR: 6.46e-08, Tokens: 281
2025-11-18 15:01:31,135 -   Scheduler step: 153, Optimizer step count: 2450
2025-11-18 15:01:49,733 - Step 2500/236780 (1.1%), Loss: 0.7194, LR: 6.59e-08, Tokens: 295
2025-11-18 15:01:49,733 -   Scheduler step: 156, Optimizer step count: 2500
2025-11-18 15:02:07,148 - ✓ New best validation loss: 1.053297
2025-11-18 15:02:25,742 - Step 2550/236780 (1.1%), Loss: 0.7179, LR: 6.72e-08, Tokens: 299
2025-11-18 15:02:25,742 -   Scheduler step: 159, Optimizer step count: 2550
2025-11-18 15:02:44,632 - Step 2600/236780 (1.1%), Loss: 1.2377, LR: 6.84e-08, Tokens: 286
2025-11-18 15:02:44,632 -   Scheduler step: 162, Optimizer step count: 2600
2025-11-18 15:03:07,144 - ✓ New best validation loss: 1.049101
2025-11-18 15:03:12,654 - ✓ Checkpoint saved at step 2600
2025-11-18 15:03:32,938 - Step 2650/236780 (1.1%), Loss: 1.1879, LR: 6.97e-08, Tokens: 285
2025-11-18 15:03:32,938 -   Scheduler step: 165, Optimizer step count: 2650
2025-11-18 15:03:53,143 - Step 2700/236780 (1.1%), Loss: 1.2610, LR: 7.10e-08, Tokens: 285
2025-11-18 15:03:53,144 -   Scheduler step: 168, Optimizer step count: 2700
2025-11-18 15:04:11,080 - ✓ New best validation loss: 1.047144
2025-11-18 15:04:30,157 - Step 2750/236780 (1.2%), Loss: 0.6505, LR: 7.22e-08, Tokens: 302
2025-11-18 15:04:30,157 -   Scheduler step: 171, Optimizer step count: 2750
2025-11-18 15:04:51,452 - Step 2800/236780 (1.2%), Loss: 1.2342, LR: 7.39e-08, Tokens: 288
2025-11-18 15:04:51,453 -   Scheduler step: 175, Optimizer step count: 2800
2025-11-18 15:05:08,870 - ✓ New best validation loss: 1.043629
2025-11-18 15:05:12,836 - ✓ Checkpoint saved at step 2800
2025-11-18 15:05:32,474 - Step 2850/236780 (1.2%), Loss: 0.7162, LR: 7.52e-08, Tokens: 285
2025-11-18 15:05:32,474 -   Scheduler step: 178, Optimizer step count: 2850
2025-11-18 15:05:52,662 - Step 2900/236780 (1.2%), Loss: 0.7115, LR: 7.64e-08, Tokens: 299
2025-11-18 15:05:52,662 -   Scheduler step: 181, Optimizer step count: 2900
2025-11-18 15:06:15,687 - ✓ New best validation loss: 1.041545
2025-11-18 15:06:35,628 - Step 2950/236780 (1.2%), Loss: 1.2558, LR: 7.77e-08, Tokens: 280
2025-11-18 15:06:35,628 -   Scheduler step: 184, Optimizer step count: 2950
2025-11-18 15:06:55,006 - Step 3000/236780 (1.3%), Loss: 0.7368, LR: 7.90e-08, Tokens: 273
2025-11-18 15:06:55,006 -   Scheduler step: 187, Optimizer step count: 3000
2025-11-18 15:07:12,201 - ✓ New best validation loss: 1.035926
2025-11-18 15:07:16,227 - ✓ Checkpoint saved at step 3000
2025-11-18 15:07:34,727 - Step 3050/236780 (1.3%), Loss: 0.7168, LR: 8.02e-08, Tokens: 299
2025-11-18 15:07:34,727 -   Scheduler step: 190, Optimizer step count: 3050
2025-11-18 15:07:53,517 - Step 3100/236780 (1.3%), Loss: 0.6422, LR: 8.15e-08, Tokens: 300
2025-11-18 15:07:53,517 -   Scheduler step: 193, Optimizer step count: 3100
2025-11-18 15:08:16,054 - ✓ New best validation loss: 1.031140
2025-11-18 15:08:37,764 - Step 3150/236780 (1.3%), Loss: 0.7265, LR: 8.28e-08, Tokens: 279
2025-11-18 15:08:37,764 -   Scheduler step: 196, Optimizer step count: 3150
2025-11-18 15:08:58,526 - Step 3200/236780 (1.4%), Loss: 0.6803, LR: 8.45e-08, Tokens: 302
2025-11-18 15:08:58,526 -   Scheduler step: 200, Optimizer step count: 3200
2025-11-18 15:09:15,716 - ✓ New best validation loss: 1.028150
2025-11-18 15:09:19,883 - ✓ Checkpoint saved at step 3200
2025-11-18 15:09:38,567 - Step 3250/236780 (1.4%), Loss: 1.2241, LR: 8.57e-08, Tokens: 282
2025-11-18 15:09:38,567 -   Scheduler step: 203, Optimizer step count: 3250
2025-11-18 15:09:57,469 - Step 3300/236780 (1.4%), Loss: 0.7425, LR: 8.70e-08, Tokens: 278
2025-11-18 15:09:57,470 -   Scheduler step: 206, Optimizer step count: 3300
2025-11-18 15:10:15,354 - ✓ New best validation loss: 1.021278
2025-11-18 15:10:35,129 - Step 3350/236780 (1.4%), Loss: 1.1916, LR: 8.83e-08, Tokens: 284
2025-11-18 15:10:35,130 -   Scheduler step: 209, Optimizer step count: 3350
2025-11-18 15:10:55,330 - Step 3400/236780 (1.4%), Loss: 1.2417, LR: 8.95e-08, Tokens: 281
2025-11-18 15:10:55,330 -   Scheduler step: 212, Optimizer step count: 3400
2025-11-18 15:11:17,186 - ✓ New best validation loss: 1.017587
2025-11-18 15:11:21,788 - ✓ Checkpoint saved at step 3400
2025-11-18 15:11:42,418 - Step 3450/236780 (1.5%), Loss: 1.1841, LR: 9.08e-08, Tokens: 281
2025-11-18 15:11:42,419 -   Scheduler step: 215, Optimizer step count: 3450
2025-11-18 15:12:01,577 - Step 3500/236780 (1.5%), Loss: 0.6629, LR: 9.21e-08, Tokens: 298
2025-11-18 15:12:01,578 -   Scheduler step: 218, Optimizer step count: 3500
2025-11-18 15:12:19,509 - ✓ New best validation loss: 1.013583
2025-11-18 15:12:38,120 - Step 3550/236780 (1.5%), Loss: 0.6549, LR: 9.33e-08, Tokens: 297
2025-11-18 15:12:38,121 -   Scheduler step: 221, Optimizer step count: 3550
2025-11-18 15:12:56,708 - Step 3600/236780 (1.5%), Loss: 1.1711, LR: 9.50e-08, Tokens: 286
2025-11-18 15:12:56,708 -   Scheduler step: 225, Optimizer step count: 3600
2025-11-18 15:13:16,879 - ✓ New best validation loss: 1.004756
2025-11-18 15:13:21,987 - ✓ Checkpoint saved at step 3600
2025-11-18 15:13:41,986 - Step 3650/236780 (1.5%), Loss: 0.2566, LR: 9.63e-08, Tokens: 312
2025-11-18 15:13:41,987 -   Scheduler step: 228, Optimizer step count: 3650
2025-11-18 15:14:01,472 - Step 3700/236780 (1.6%), Loss: 1.1955, LR: 9.76e-08, Tokens: 287
2025-11-18 15:14:01,472 -   Scheduler step: 231, Optimizer step count: 3700
2025-11-18 15:14:20,868 - ✓ New best validation loss: 0.999508
2025-11-18 15:14:39,381 - Step 3750/236780 (1.6%), Loss: 0.6557, LR: 9.88e-08, Tokens: 298
2025-11-18 15:14:39,382 -   Scheduler step: 234, Optimizer step count: 3750
2025-11-18 15:14:57,676 - Step 3800/236780 (1.6%), Loss: 0.6280, LR: 1.00e-07, Tokens: 295
2025-11-18 15:14:57,677 -   Scheduler step: 237, Optimizer step count: 3800
2025-11-18 15:15:15,476 - ✓ New best validation loss: 0.994009
2025-11-18 15:15:19,540 - ✓ Checkpoint saved at step 3800
2025-11-18 15:15:37,835 - Step 3850/236780 (1.6%), Loss: 1.2075, LR: 1.01e-07, Tokens: 279
2025-11-18 15:15:37,836 -   Scheduler step: 240, Optimizer step count: 3850
2025-11-18 15:15:56,810 - Step 3900/236780 (1.6%), Loss: 1.1659, LR: 1.03e-07, Tokens: 285
2025-11-18 15:15:56,810 -   Scheduler step: 243, Optimizer step count: 3900
2025-11-18 15:16:22,443 - ✓ New best validation loss: 0.989161
2025-11-18 15:16:42,377 - Step 3950/236780 (1.7%), Loss: 1.1864, LR: 1.04e-07, Tokens: 285
2025-11-18 15:16:42,378 -   Scheduler step: 246, Optimizer step count: 3950
2025-11-18 15:17:02,403 - Step 4000/236780 (1.7%), Loss: 1.1998, LR: 1.06e-07, Tokens: 282
2025-11-18 15:17:02,404 -   Scheduler step: 250, Optimizer step count: 4000
2025-11-18 15:17:20,393 - ✓ New best validation loss: 0.980745
2025-11-18 15:17:24,501 - ✓ Checkpoint saved at step 4000
2025-11-18 15:17:42,966 - Step 4050/236780 (1.7%), Loss: 0.6179, LR: 1.07e-07, Tokens: 301
2025-11-18 15:17:42,966 -   Scheduler step: 253, Optimizer step count: 4050
2025-11-18 15:18:01,319 - Step 4100/236780 (1.7%), Loss: 0.7461, LR: 1.08e-07, Tokens: 268
2025-11-18 15:18:01,319 -   Scheduler step: 256, Optimizer step count: 4100
2025-11-18 15:18:19,076 - ✓ New best validation loss: 0.973198
2025-11-18 15:18:37,740 - Step 4150/236780 (1.8%), Loss: 1.1151, LR: 1.09e-07, Tokens: 284
2025-11-18 15:18:37,741 -   Scheduler step: 259, Optimizer step count: 4150
2025-11-18 15:18:58,694 - Step 4200/236780 (1.8%), Loss: 0.6023, LR: 1.11e-07, Tokens: 301
2025-11-18 15:18:58,694 -   Scheduler step: 262, Optimizer step count: 4200
2025-11-18 15:19:21,697 - ✓ New best validation loss: 0.965500
2025-11-18 15:19:26,842 - ✓ Checkpoint saved at step 4200
2025-11-18 15:19:47,378 - Step 4250/236780 (1.8%), Loss: 0.6566, LR: 1.12e-07, Tokens: 290
2025-11-18 15:19:47,378 -   Scheduler step: 265, Optimizer step count: 4250
2025-11-18 15:20:05,598 - Step 4300/236780 (1.8%), Loss: 0.2554, LR: 1.13e-07, Tokens: 282
2025-11-18 15:20:05,599 -   Scheduler step: 268, Optimizer step count: 4300
2025-11-18 15:20:23,211 - ✓ New best validation loss: 0.957036
2025-11-18 15:20:41,813 - Step 4350/236780 (1.8%), Loss: 0.5566, LR: 1.14e-07, Tokens: 319
2025-11-18 15:20:41,813 -   Scheduler step: 271, Optimizer step count: 4350
2025-11-18 15:21:00,370 - Step 4400/236780 (1.9%), Loss: 0.7255, LR: 1.16e-07, Tokens: 276
2025-11-18 15:21:00,370 -   Scheduler step: 275, Optimizer step count: 4400
2025-11-18 15:21:18,332 - ✓ New best validation loss: 0.948259
2025-11-18 15:21:23,073 - ✓ Checkpoint saved at step 4400
2025-11-18 15:21:43,258 - Step 4450/236780 (1.9%), Loss: 0.6394, LR: 1.17e-07, Tokens: 296
2025-11-18 15:21:43,259 -   Scheduler step: 278, Optimizer step count: 4450
2025-11-18 15:22:03,046 - Step 4500/236780 (1.9%), Loss: 1.1113, LR: 1.19e-07, Tokens: 278
2025-11-18 15:22:03,047 -   Scheduler step: 281, Optimizer step count: 4500
2025-11-18 15:22:26,058 - ✓ New best validation loss: 0.938200
2025-11-18 15:22:44,859 - Step 4550/236780 (1.9%), Loss: 1.0538, LR: 1.20e-07, Tokens: 283
2025-11-18 15:22:44,859 -   Scheduler step: 284, Optimizer step count: 4550
2025-11-18 15:23:03,118 - Step 4600/236780 (1.9%), Loss: 1.0997, LR: 1.21e-07, Tokens: 280
2025-11-18 15:23:03,119 -   Scheduler step: 287, Optimizer step count: 4600
2025-11-18 15:23:20,779 - ✓ New best validation loss: 0.930683
2025-11-18 15:23:24,879 - ✓ Checkpoint saved at step 4600
2025-11-18 15:23:43,276 - Step 4650/236780 (2.0%), Loss: 1.1223, LR: 1.22e-07, Tokens: 271
2025-11-18 15:23:43,277 -   Scheduler step: 290, Optimizer step count: 4650
2025-11-18 15:24:01,613 - Step 4700/236780 (2.0%), Loss: 0.6929, LR: 1.24e-07, Tokens: 273
2025-11-18 15:24:01,614 -   Scheduler step: 293, Optimizer step count: 4700
2025-11-18 15:24:23,151 - ✓ New best validation loss: 0.921148
2025-11-18 15:24:43,688 - Step 4750/236780 (2.0%), Loss: 0.7073, LR: 1.25e-07, Tokens: 273
2025-11-18 15:24:43,689 -   Scheduler step: 296, Optimizer step count: 4750
2025-11-18 15:25:03,368 - Step 4800/236780 (2.0%), Loss: 1.1256, LR: 1.27e-07, Tokens: 276
2025-11-18 15:25:03,368 -   Scheduler step: 300, Optimizer step count: 4800
2025-11-18 15:25:25,821 - ✓ New best validation loss: 0.910394
2025-11-18 15:25:29,797 - ✓ Checkpoint saved at step 4800
2025-11-18 15:25:48,387 - Step 4850/236780 (2.0%), Loss: 1.0732, LR: 1.28e-07, Tokens: 288
2025-11-18 15:25:48,388 -   Scheduler step: 303, Optimizer step count: 4850
2025-11-18 15:26:06,856 - Step 4900/236780 (2.1%), Loss: 0.7031, LR: 1.29e-07, Tokens: 269
2025-11-18 15:26:06,856 -   Scheduler step: 306, Optimizer step count: 4900
2025-11-18 15:26:24,329 - ✓ New best validation loss: 0.899885
2025-11-18 15:26:43,910 - Step 4950/236780 (2.1%), Loss: 0.6364, LR: 1.31e-07, Tokens: 272
2025-11-18 15:26:43,910 -   Scheduler step: 309, Optimizer step count: 4950
2025-11-18 15:27:03,873 - Step 5000/236780 (2.1%), Loss: 1.0797, LR: 1.32e-07, Tokens: 284
2025-11-18 15:27:03,874 -   Scheduler step: 312, Optimizer step count: 5000
2025-11-18 15:27:28,391 - ✓ New best validation loss: 0.889455
2025-11-18 15:27:33,852 - ✓ Checkpoint saved at step 5000
2025-11-18 15:27:55,229 - Step 5050/236780 (2.1%), Loss: 0.5871, LR: 1.33e-07, Tokens: 302
2025-11-18 15:27:55,230 -   Scheduler step: 315, Optimizer step count: 5050
2025-11-18 15:28:14,526 - Step 5100/236780 (2.2%), Loss: 0.5671, LR: 1.34e-07, Tokens: 303
2025-11-18 15:28:14,526 -   Scheduler step: 318, Optimizer step count: 5100
2025-11-18 15:28:32,273 - ✓ New best validation loss: 0.877861
2025-11-18 15:28:50,602 - Step 5150/236780 (2.2%), Loss: 0.2480, LR: 1.36e-07, Tokens: 295
2025-11-18 15:28:50,602 -   Scheduler step: 321, Optimizer step count: 5150
2025-11-18 15:29:08,825 - Step 5200/236780 (2.2%), Loss: 1.0276, LR: 1.37e-07, Tokens: 286
2025-11-18 15:29:08,826 -   Scheduler step: 325, Optimizer step count: 5200
2025-11-18 15:29:26,690 - ✓ New best validation loss: 0.865719
2025-11-18 15:29:30,795 - ✓ Checkpoint saved at step 5200
2025-11-18 15:29:49,837 - Step 5250/236780 (2.2%), Loss: 0.9652, LR: 1.39e-07, Tokens: 286
2025-11-18 15:29:49,838 -   Scheduler step: 328, Optimizer step count: 5250
2025-11-18 15:30:09,631 - Step 5300/236780 (2.2%), Loss: 1.0031, LR: 1.40e-07, Tokens: 274
2025-11-18 15:30:09,631 -   Scheduler step: 331, Optimizer step count: 5300
2025-11-18 15:30:34,546 - ✓ New best validation loss: 0.855376
2025-11-18 15:30:54,538 - Step 5350/236780 (2.3%), Loss: 0.5688, LR: 1.41e-07, Tokens: 300
2025-11-18 15:30:54,538 -   Scheduler step: 334, Optimizer step count: 5350
2025-11-18 15:31:12,786 - Step 5400/236780 (2.3%), Loss: 0.9825, LR: 1.42e-07, Tokens: 279
2025-11-18 15:31:12,786 -   Scheduler step: 337, Optimizer step count: 5400
2025-11-18 15:31:30,335 - ✓ New best validation loss: 0.846568
2025-11-18 15:31:34,401 - ✓ Checkpoint saved at step 5400
2025-11-18 15:31:52,883 - Step 5450/236780 (2.3%), Loss: 1.0402, LR: 1.44e-07, Tokens: 279
2025-11-18 15:31:52,883 -   Scheduler step: 340, Optimizer step count: 5450
2025-11-18 15:32:11,233 - Step 5500/236780 (2.3%), Loss: 0.5965, LR: 1.45e-07, Tokens: 303
2025-11-18 15:32:11,234 -   Scheduler step: 343, Optimizer step count: 5500
2025-11-18 15:32:31,614 - ✓ New best validation loss: 0.835717
2025-11-18 15:32:51,942 - Step 5550/236780 (2.3%), Loss: 0.9928, LR: 1.46e-07, Tokens: 286
2025-11-18 15:32:51,943 -   Scheduler step: 346, Optimizer step count: 5550
2025-11-18 15:33:13,858 - Step 5600/236780 (2.4%), Loss: 0.5514, LR: 1.48e-07, Tokens: 299
2025-11-18 15:33:13,858 -   Scheduler step: 350, Optimizer step count: 5600
2025-11-18 15:33:35,980 - ✓ New best validation loss: 0.824251
2025-11-18 15:33:40,485 - ✓ Checkpoint saved at step 5600
2025-11-18 15:33:58,791 - Step 5650/236780 (2.4%), Loss: 0.9610, LR: 1.49e-07, Tokens: 283
2025-11-18 15:33:58,792 -   Scheduler step: 353, Optimizer step count: 5650
2025-11-18 15:34:17,141 - Step 5700/236780 (2.4%), Loss: 0.6239, LR: 1.50e-07, Tokens: 278
2025-11-18 15:34:17,141 -   Scheduler step: 356, Optimizer step count: 5700
2025-11-18 15:34:35,003 - ✓ New best validation loss: 0.814421
2025-11-18 15:34:53,330 - Step 5750/236780 (2.4%), Loss: 0.9135, LR: 1.52e-07, Tokens: 286
2025-11-18 15:34:53,331 -   Scheduler step: 359, Optimizer step count: 5750
2025-11-18 15:35:12,270 - Step 5800/236780 (2.4%), Loss: 0.9222, LR: 1.53e-07, Tokens: 286
2025-11-18 15:35:12,270 -   Scheduler step: 362, Optimizer step count: 5800
2025-11-18 15:35:35,630 - ✓ New best validation loss: 0.802177
2025-11-18 15:35:40,740 - ✓ Checkpoint saved at step 5800
2025-11-18 15:36:00,759 - Step 5850/236780 (2.5%), Loss: 0.5666, LR: 1.54e-07, Tokens: 277
2025-11-18 15:36:00,759 -   Scheduler step: 365, Optimizer step count: 5850
2025-11-18 15:36:21,159 - Step 5900/236780 (2.5%), Loss: 0.9070, LR: 1.55e-07, Tokens: 282
2025-11-18 15:36:21,159 -   Scheduler step: 368, Optimizer step count: 5900
2025-11-18 15:36:39,818 - ✓ New best validation loss: 0.792152
2025-11-18 15:36:58,251 - Step 5950/236780 (2.5%), Loss: 0.2462, LR: 1.57e-07, Tokens: 292
2025-11-18 15:36:58,251 -   Scheduler step: 371, Optimizer step count: 5950
2025-11-18 15:37:16,468 - Step 6000/236780 (2.5%), Loss: 0.9518, LR: 1.58e-07, Tokens: 285
2025-11-18 15:37:16,468 -   Scheduler step: 375, Optimizer step count: 6000
2025-11-18 15:37:34,609 - ✓ New best validation loss: 0.780997
2025-11-18 15:37:38,731 - ✓ Checkpoint saved at step 6000
2025-11-18 15:37:57,151 - Step 6050/236780 (2.6%), Loss: 0.9072, LR: 1.60e-07, Tokens: 281
2025-11-18 15:37:57,151 -   Scheduler step: 378, Optimizer step count: 6050
2025-11-18 15:38:16,832 - Step 6100/236780 (2.6%), Loss: 0.5751, LR: 1.61e-07, Tokens: 278
2025-11-18 15:38:16,832 -   Scheduler step: 381, Optimizer step count: 6100
2025-11-18 15:38:41,112 - ✓ New best validation loss: 0.770381
2025-11-18 15:39:01,182 - Step 6150/236780 (2.6%), Loss: 0.8447, LR: 1.62e-07, Tokens: 288
2025-11-18 15:39:01,183 -   Scheduler step: 384, Optimizer step count: 6150
2025-11-18 15:39:20,355 - Step 6200/236780 (2.6%), Loss: 0.8267, LR: 1.63e-07, Tokens: 293
2025-11-18 15:39:20,355 -   Scheduler step: 387, Optimizer step count: 6200
2025-11-18 15:39:37,968 - ✓ New best validation loss: 0.761845
2025-11-18 15:39:42,156 - ✓ Checkpoint saved at step 6200
2025-11-18 15:40:00,762 - Step 6250/236780 (2.6%), Loss: 0.5425, LR: 1.65e-07, Tokens: 279
2025-11-18 15:40:00,762 -   Scheduler step: 390, Optimizer step count: 6250
2025-11-18 15:40:19,130 - Step 6300/236780 (2.7%), Loss: 0.5129, LR: 1.66e-07, Tokens: 301
2025-11-18 15:40:19,130 -   Scheduler step: 393, Optimizer step count: 6300
2025-11-18 15:40:36,662 - ✓ New best validation loss: 0.752216
2025-11-18 15:40:56,221 - Step 6350/236780 (2.7%), Loss: 0.5367, LR: 1.67e-07, Tokens: 294
2025-11-18 15:40:56,221 -   Scheduler step: 396, Optimizer step count: 6350
2025-11-18 15:41:16,645 - Step 6400/236780 (2.7%), Loss: 0.8384, LR: 1.69e-07, Tokens: 281
2025-11-18 15:41:16,645 -   Scheduler step: 400, Optimizer step count: 6400
2025-11-18 15:41:39,759 - ✓ New best validation loss: 0.742821
2025-11-18 15:41:44,989 - ✓ Checkpoint saved at step 6400
2025-11-18 15:42:04,390 - Step 6450/236780 (2.7%), Loss: 0.5781, LR: 1.70e-07, Tokens: 265
2025-11-18 15:42:04,390 -   Scheduler step: 403, Optimizer step count: 6450
2025-11-18 15:42:23,825 - Step 6500/236780 (2.7%), Loss: 0.4960, LR: 1.71e-07, Tokens: 295
2025-11-18 15:42:23,825 -   Scheduler step: 406, Optimizer step count: 6500
2025-11-18 15:42:42,673 - ✓ New best validation loss: 0.732109
2025-11-18 15:43:01,052 - Step 6550/236780 (2.8%), Loss: 0.5166, LR: 1.73e-07, Tokens: 278
2025-11-18 15:43:01,052 -   Scheduler step: 409, Optimizer step count: 6550
2025-11-18 15:43:19,339 - Step 6600/236780 (2.8%), Loss: 0.8161, LR: 1.74e-07, Tokens: 282
2025-11-18 15:43:19,339 -   Scheduler step: 412, Optimizer step count: 6600
2025-11-18 15:43:39,043 - ✓ New best validation loss: 0.723742
2025-11-18 15:43:44,382 - ✓ Checkpoint saved at step 6600
2025-11-18 15:44:04,292 - Step 6650/236780 (2.8%), Loss: 0.4976, LR: 1.75e-07, Tokens: 292
2025-11-18 15:44:04,293 -   Scheduler step: 415, Optimizer step count: 6650
2025-11-18 15:44:24,929 - Step 6700/236780 (2.8%), Loss: 0.5044, LR: 1.77e-07, Tokens: 295
2025-11-18 15:44:24,929 -   Scheduler step: 418, Optimizer step count: 6700
2025-11-18 15:44:48,166 - ✓ New best validation loss: 0.715642
2025-11-18 15:45:06,357 - Step 6750/236780 (2.9%), Loss: 0.8390, LR: 1.78e-07, Tokens: 281
2025-11-18 15:45:06,357 -   Scheduler step: 421, Optimizer step count: 6750
2025-11-18 15:45:24,891 - Step 6800/236780 (2.9%), Loss: 0.8393, LR: 1.79e-07, Tokens: 286
2025-11-18 15:45:24,892 -   Scheduler step: 425, Optimizer step count: 6800
2025-11-18 15:45:42,697 - ✓ New best validation loss: 0.704533
2025-11-18 15:45:46,828 - ✓ Checkpoint saved at step 6800
2025-11-18 15:46:05,475 - Step 6850/236780 (2.9%), Loss: 0.7837, LR: 1.81e-07, Tokens: 283
2025-11-18 15:46:05,475 -   Scheduler step: 428, Optimizer step count: 6850
2025-11-18 15:46:24,281 - Step 6900/236780 (2.9%), Loss: 0.2392, LR: 1.82e-07, Tokens: 316
2025-11-18 15:46:24,281 -   Scheduler step: 431, Optimizer step count: 6900
2025-11-18 15:46:54,871 - ✓ New best validation loss: 0.696488
2025-11-18 15:47:15,816 - Step 6950/236780 (2.9%), Loss: 0.8203, LR: 1.83e-07, Tokens: 278
2025-11-18 15:47:15,817 -   Scheduler step: 434, Optimizer step count: 6950
2025-11-18 15:47:36,090 - Step 7000/236780 (3.0%), Loss: 0.2377, LR: 1.85e-07, Tokens: 292
2025-11-18 15:47:36,090 -   Scheduler step: 437, Optimizer step count: 7000
2025-11-18 15:47:58,781 - ✓ New best validation loss: 0.686309
2025-11-18 15:48:02,784 - ✓ Checkpoint saved at step 7000
2025-11-18 15:48:21,222 - Step 7050/236780 (3.0%), Loss: 0.5505, LR: 1.86e-07, Tokens: 268
2025-11-18 15:48:21,223 -   Scheduler step: 440, Optimizer step count: 7050
2025-11-18 15:48:39,580 - Step 7100/236780 (3.0%), Loss: 0.7572, LR: 1.87e-07, Tokens: 288
2025-11-18 15:48:39,580 -   Scheduler step: 443, Optimizer step count: 7100
2025-11-18 15:48:57,108 - ✓ New best validation loss: 0.677737
2025-11-18 15:49:16,788 - Step 7150/236780 (3.0%), Loss: 0.8523, LR: 1.88e-07, Tokens: 273
2025-11-18 15:49:16,789 -   Scheduler step: 446, Optimizer step count: 7150
2025-11-18 15:49:37,610 - Step 7200/236780 (3.0%), Loss: 0.8161, LR: 1.90e-07, Tokens: 284
2025-11-18 15:49:37,610 -   Scheduler step: 450, Optimizer step count: 7200
2025-11-18 15:50:02,027 - ✓ New best validation loss: 0.667004
2025-11-18 15:50:07,622 - ✓ Checkpoint saved at step 7200
2025-11-18 15:50:27,407 - Step 7250/236780 (3.1%), Loss: 0.7379, LR: 1.91e-07, Tokens: 284
2025-11-18 15:50:27,408 -   Scheduler step: 453, Optimizer step count: 7250
2025-11-18 15:50:45,765 - Step 7300/236780 (3.1%), Loss: 0.6735, LR: 1.93e-07, Tokens: 289
2025-11-18 15:50:45,766 -   Scheduler step: 456, Optimizer step count: 7300
2025-11-18 15:51:03,707 - ✓ New best validation loss: 0.658173
2025-11-18 15:51:22,012 - Step 7350/236780 (3.1%), Loss: 0.6914, LR: 1.94e-07, Tokens: 282
2025-11-18 15:51:22,012 -   Scheduler step: 459, Optimizer step count: 7350
2025-11-18 15:51:40,625 - Step 7400/236780 (3.1%), Loss: 0.4450, LR: 1.95e-07, Tokens: 297
2025-11-18 15:51:40,625 -   Scheduler step: 462, Optimizer step count: 7400
2025-11-18 15:52:03,404 - ✓ New best validation loss: 0.649015
2025-11-18 15:52:08,354 - ✓ Checkpoint saved at step 7400
2025-11-18 15:52:28,611 - Step 7450/236780 (3.1%), Loss: 0.7405, LR: 1.96e-07, Tokens: 267
2025-11-18 15:52:28,611 -   Scheduler step: 465, Optimizer step count: 7450
2025-11-18 15:52:48,424 - Step 7500/236780 (3.2%), Loss: 0.7193, LR: 1.98e-07, Tokens: 280
2025-11-18 15:52:48,424 -   Scheduler step: 468, Optimizer step count: 7500
2025-11-18 15:53:14,165 - ✓ New best validation loss: 0.639215
2025-11-18 15:53:32,911 - Step 7550/236780 (3.2%), Loss: 0.4720, LR: 1.99e-07, Tokens: 298
2025-11-18 15:53:32,912 -   Scheduler step: 471, Optimizer step count: 7550
2025-11-18 15:53:51,779 - Step 7600/236780 (3.2%), Loss: 0.4393, LR: 2.01e-07, Tokens: 304
2025-11-18 15:53:51,779 -   Scheduler step: 475, Optimizer step count: 7600
2025-11-18 15:54:13,638 - ✓ New best validation loss: 0.628723
2025-11-18 15:54:17,685 - ✓ Checkpoint saved at step 7600
2025-11-18 15:54:37,242 - Step 7650/236780 (3.2%), Loss: 0.4762, LR: 2.02e-07, Tokens: 298
2025-11-18 15:54:37,242 -   Scheduler step: 478, Optimizer step count: 7650
2025-11-18 15:54:56,183 - Step 7700/236780 (3.3%), Loss: 0.7018, LR: 2.03e-07, Tokens: 286
2025-11-18 15:54:56,183 -   Scheduler step: 481, Optimizer step count: 7700
2025-11-18 15:55:20,939 - ✓ New best validation loss: 0.619970
2025-11-18 15:55:40,422 - Step 7750/236780 (3.3%), Loss: 0.6356, LR: 2.04e-07, Tokens: 281
2025-11-18 15:55:40,423 -   Scheduler step: 484, Optimizer step count: 7750
2025-11-18 15:56:00,183 - Step 7800/236780 (3.3%), Loss: 0.4421, LR: 2.06e-07, Tokens: 289
2025-11-18 15:56:00,184 -   Scheduler step: 487, Optimizer step count: 7800
2025-11-18 15:56:24,294 - ✓ New best validation loss: 0.609867
2025-11-18 15:56:28,230 - ✓ Checkpoint saved at step 7800
2025-11-18 15:56:46,948 - Step 7850/236780 (3.3%), Loss: 0.6782, LR: 2.07e-07, Tokens: 283
2025-11-18 15:56:46,948 -   Scheduler step: 490, Optimizer step count: 7850
2025-11-18 15:57:05,897 - Step 7900/236780 (3.3%), Loss: 0.6577, LR: 2.08e-07, Tokens: 290
2025-11-18 15:57:05,897 -   Scheduler step: 493, Optimizer step count: 7900
2025-11-18 15:57:28,449 - ✓ New best validation loss: 0.600952
2025-11-18 15:57:47,780 - Step 7950/236780 (3.4%), Loss: 0.6912, LR: 2.09e-07, Tokens: 278
2025-11-18 15:57:47,780 -   Scheduler step: 496, Optimizer step count: 7950
2025-11-18 15:58:06,523 - Step 8000/236780 (3.4%), Loss: 0.6539, LR: 2.11e-07, Tokens: 290
2025-11-18 15:58:06,523 -   Scheduler step: 500, Optimizer step count: 8000
2025-11-18 15:58:32,112 - ✓ New best validation loss: 0.588437
2025-11-18 15:58:36,791 - ✓ Checkpoint saved at step 8000
2025-11-18 15:58:56,640 - Step 8050/236780 (3.4%), Loss: 0.6589, LR: 2.12e-07, Tokens: 280
2025-11-18 15:58:56,640 -   Scheduler step: 503, Optimizer step count: 8050
2025-11-18 15:59:16,308 - Step 8100/236780 (3.4%), Loss: 0.4651, LR: 2.14e-07, Tokens: 287
2025-11-18 15:59:16,308 -   Scheduler step: 506, Optimizer step count: 8100
2025-11-18 15:59:38,994 - ✓ New best validation loss: 0.577278
2025-11-18 15:59:58,116 - Step 8150/236780 (3.4%), Loss: 0.6773, LR: 2.15e-07, Tokens: 280
2025-11-18 15:59:58,117 -   Scheduler step: 509, Optimizer step count: 8150
2025-11-18 16:00:17,539 - Step 8200/236780 (3.5%), Loss: 0.4317, LR: 2.16e-07, Tokens: 276
2025-11-18 16:00:17,540 -   Scheduler step: 512, Optimizer step count: 8200
2025-11-18 16:00:40,643 - ✓ New best validation loss: 0.567991
2025-11-18 16:00:44,720 - ✓ Checkpoint saved at step 8200
2025-11-18 16:01:05,096 - Step 8250/236780 (3.5%), Loss: 0.5370, LR: 2.18e-07, Tokens: 268
2025-11-18 16:01:05,096 -   Scheduler step: 515, Optimizer step count: 8250
2025-11-18 16:01:36,005 - Step 8300/236780 (3.5%), Loss: 0.3879, LR: 2.19e-07, Tokens: 298
2025-11-18 16:01:36,008 -   Scheduler step: 518, Optimizer step count: 8300
2025-11-18 16:02:04,910 - ✓ New best validation loss: 0.558728
2025-11-18 16:02:36,742 - Step 8350/236780 (3.5%), Loss: 0.2352, LR: 2.20e-07, Tokens: 310
2025-11-18 16:02:36,742 -   Scheduler step: 521, Optimizer step count: 8350
2025-11-18 16:03:08,336 - Step 8400/236780 (3.5%), Loss: 0.4392, LR: 2.22e-07, Tokens: 273
2025-11-18 16:03:08,336 -   Scheduler step: 525, Optimizer step count: 8400
2025-11-18 16:03:32,297 - ✓ New best validation loss: 0.546984
2025-11-18 16:03:36,747 - ✓ Checkpoint saved at step 8400
2025-11-18 16:04:08,676 - Step 8450/236780 (3.6%), Loss: 0.2380, LR: 2.23e-07, Tokens: 323
2025-11-18 16:04:08,676 -   Scheduler step: 528, Optimizer step count: 8450
2025-11-18 16:04:40,413 - Step 8500/236780 (3.6%), Loss: 0.6056, LR: 2.24e-07, Tokens: 283
2025-11-18 16:04:40,413 -   Scheduler step: 531, Optimizer step count: 8500
2025-11-18 16:05:10,013 - ✓ New best validation loss: 0.535967
2025-11-18 16:05:41,804 - Step 8550/236780 (3.6%), Loss: 0.5723, LR: 2.26e-07, Tokens: 282
2025-11-18 16:05:41,804 -   Scheduler step: 534, Optimizer step count: 8550
2025-11-18 16:06:04,717 - Step 8600/236780 (3.6%), Loss: 0.3898, LR: 2.27e-07, Tokens: 293
2025-11-18 16:06:04,717 -   Scheduler step: 537, Optimizer step count: 8600
2025-11-18 16:06:29,360 - ✓ New best validation loss: 0.526687
2025-11-18 16:06:33,982 - ✓ Checkpoint saved at step 8600
2025-11-18 16:06:58,345 - Step 8650/236780 (3.7%), Loss: 0.5540, LR: 2.28e-07, Tokens: 288
2025-11-18 16:06:58,346 -   Scheduler step: 540, Optimizer step count: 8650
2025-11-18 16:07:30,059 - Step 8700/236780 (3.7%), Loss: 0.4241, LR: 2.29e-07, Tokens: 290
2025-11-18 16:07:30,060 -   Scheduler step: 543, Optimizer step count: 8700
2025-11-18 16:07:57,236 - ✓ New best validation loss: 0.515998
2025-11-18 16:08:28,978 - Step 8750/236780 (3.7%), Loss: 0.4241, LR: 2.31e-07, Tokens: 274
2025-11-18 16:08:28,979 -   Scheduler step: 546, Optimizer step count: 8750
2025-11-18 16:09:00,887 - Step 8800/236780 (3.7%), Loss: 0.4992, LR: 2.32e-07, Tokens: 285
2025-11-18 16:09:00,887 -   Scheduler step: 550, Optimizer step count: 8800
2025-11-18 16:09:20,585 - ✓ New best validation loss: 0.504974
2025-11-18 16:09:25,134 - ✓ Checkpoint saved at step 8800
2025-11-18 16:09:56,771 - Step 8850/236780 (3.7%), Loss: 0.5753, LR: 2.34e-07, Tokens: 283
2025-11-18 16:09:56,771 -   Scheduler step: 553, Optimizer step count: 8850
2025-11-18 16:10:28,717 - Step 8900/236780 (3.8%), Loss: 0.4326, LR: 2.35e-07, Tokens: 279
2025-11-18 16:10:28,718 -   Scheduler step: 556, Optimizer step count: 8900
2025-11-18 16:10:58,274 - ✓ New best validation loss: 0.496524
2025-11-18 16:11:29,952 - Step 8950/236780 (3.8%), Loss: 0.5736, LR: 2.36e-07, Tokens: 277
2025-11-18 16:11:29,952 -   Scheduler step: 559, Optimizer step count: 8950
2025-11-18 16:11:50,207 - Step 9000/236780 (3.8%), Loss: 0.5972, LR: 2.37e-07, Tokens: 283
2025-11-18 16:11:50,208 -   Scheduler step: 562, Optimizer step count: 9000
2025-11-18 16:12:14,161 - ✓ New best validation loss: 0.487325
2025-11-18 16:12:20,070 - ✓ Checkpoint saved at step 9000
2025-11-18 16:12:48,647 - Step 9050/236780 (3.8%), Loss: 0.3730, LR: 2.39e-07, Tokens: 291
2025-11-18 16:12:48,648 -   Scheduler step: 565, Optimizer step count: 9050
2025-11-18 16:13:20,132 - Step 9100/236780 (3.8%), Loss: 0.5320, LR: 2.40e-07, Tokens: 288
2025-11-18 16:13:20,132 -   Scheduler step: 568, Optimizer step count: 9100
2025-11-18 16:13:49,524 - ✓ New best validation loss: 0.478255
2025-11-18 16:14:21,506 - Step 9150/236780 (3.9%), Loss: 0.5161, LR: 2.41e-07, Tokens: 280
2025-11-18 16:14:21,506 -   Scheduler step: 571, Optimizer step count: 9150
2025-11-18 16:14:53,938 - Step 9200/236780 (3.9%), Loss: 0.4019, LR: 2.43e-07, Tokens: 262
2025-11-18 16:14:53,939 -   Scheduler step: 575, Optimizer step count: 9200
2025-11-18 16:15:19,198 - ✓ New best validation loss: 0.467451
2025-11-18 16:15:23,752 - ✓ Checkpoint saved at step 9200
2025-11-18 16:15:55,861 - Step 9250/236780 (3.9%), Loss: 0.2185, LR: 2.44e-07, Tokens: 328
2025-11-18 16:15:55,861 -   Scheduler step: 578, Optimizer step count: 9250
2025-11-18 16:16:27,697 - Step 9300/236780 (3.9%), Loss: 0.3532, LR: 2.45e-07, Tokens: 271
2025-11-18 16:16:27,697 -   Scheduler step: 581, Optimizer step count: 9300
2025-11-18 16:16:57,766 - ✓ New best validation loss: 0.460524
2025-11-18 16:17:20,898 - Step 9350/236780 (3.9%), Loss: 0.2349, LR: 2.47e-07, Tokens: 297
2025-11-18 16:17:20,898 -   Scheduler step: 584, Optimizer step count: 9350
2025-11-18 16:17:42,565 - Step 9400/236780 (4.0%), Loss: 0.5723, LR: 2.48e-07, Tokens: 291
2025-11-18 16:17:42,565 -   Scheduler step: 587, Optimizer step count: 9400
2025-11-18 16:18:08,153 - ✓ New best validation loss: 0.452148
2025-11-18 16:18:13,605 - ✓ Checkpoint saved at step 9400
2025-11-18 16:18:45,729 - Step 9450/236780 (4.0%), Loss: 0.3606, LR: 2.49e-07, Tokens: 274
2025-11-18 16:18:45,729 -   Scheduler step: 590, Optimizer step count: 9450
2025-11-18 16:19:17,413 - Step 9500/236780 (4.0%), Loss: 0.2830, LR: 2.50e-07, Tokens: 315
2025-11-18 16:19:17,413 -   Scheduler step: 593, Optimizer step count: 9500
2025-11-18 16:19:43,554 - ✓ New best validation loss: 0.445402
2025-11-18 16:20:15,609 - Step 9550/236780 (4.0%), Loss: 0.5155, LR: 2.52e-07, Tokens: 285
2025-11-18 16:20:15,610 -   Scheduler step: 596, Optimizer step count: 9550
2025-11-18 16:20:47,636 - Step 9600/236780 (4.1%), Loss: 0.3321, LR: 2.53e-07, Tokens: 304
2025-11-18 16:20:47,636 -   Scheduler step: 600, Optimizer step count: 9600
2025-11-18 16:21:12,577 - ✓ New best validation loss: 0.436918
2025-11-18 16:21:17,154 - ✓ Checkpoint saved at step 9600
2025-11-18 16:21:49,114 - Step 9650/236780 (4.1%), Loss: 0.4943, LR: 2.55e-07, Tokens: 275
2025-11-18 16:21:49,114 -   Scheduler step: 603, Optimizer step count: 9650
2025-11-18 16:22:20,573 - Step 9700/236780 (4.1%), Loss: 0.4218, LR: 2.56e-07, Tokens: 288
2025-11-18 16:22:20,573 -   Scheduler step: 606, Optimizer step count: 9700
2025-11-18 16:22:45,129 - ✓ New best validation loss: 0.430755
2025-11-18 16:23:05,830 - Step 9750/236780 (4.1%), Loss: 0.3562, LR: 2.57e-07, Tokens: 291
2025-11-18 16:23:05,830 -   Scheduler step: 609, Optimizer step count: 9750
2025-11-18 16:23:26,490 - Step 9800/236780 (4.1%), Loss: 0.5036, LR: 2.58e-07, Tokens: 283
2025-11-18 16:23:26,495 -   Scheduler step: 612, Optimizer step count: 9800
2025-11-18 16:23:53,928 - ✓ New best validation loss: 0.423854
2025-11-18 16:23:58,814 - ✓ Checkpoint saved at step 9800
2025-11-18 16:24:18,182 - Step 9850/236780 (4.2%), Loss: 0.3185, LR: 2.60e-07, Tokens: 297
2025-11-18 16:24:18,183 -   Scheduler step: 615, Optimizer step count: 9850
2025-11-18 16:24:37,491 - Step 9900/236780 (4.2%), Loss: 0.4423, LR: 2.61e-07, Tokens: 289
2025-11-18 16:24:37,492 -   Scheduler step: 618, Optimizer step count: 9900
2025-11-18 16:24:59,803 - ✓ New best validation loss: 0.417963
2025-11-18 16:25:18,845 - Step 9950/236780 (4.2%), Loss: 0.5255, LR: 2.62e-07, Tokens: 280
2025-11-18 16:25:18,846 -   Scheduler step: 621, Optimizer step count: 9950
2025-11-18 16:25:37,509 - Step 10000/236780 (4.2%), Loss: 0.3563, LR: 2.64e-07, Tokens: 279
2025-11-18 16:25:37,510 -   Scheduler step: 625, Optimizer step count: 10000
2025-11-18 16:26:00,760 - ✓ New best validation loss: 0.411060
2025-11-18 16:26:05,968 - ✓ Checkpoint saved at step 10000
2025-11-18 16:26:25,406 - Step 10050/236780 (4.2%), Loss: 0.3286, LR: 2.65e-07, Tokens: 300
2025-11-18 16:26:25,406 -   Scheduler step: 628, Optimizer step count: 10050
2025-11-18 16:26:44,806 - Step 10100/236780 (4.3%), Loss: 0.4013, LR: 2.66e-07, Tokens: 288
2025-11-18 16:26:44,807 -   Scheduler step: 631, Optimizer step count: 10100
2025-11-18 16:27:09,821 - ✓ New best validation loss: 0.405699
2025-11-18 16:27:28,865 - Step 10150/236780 (4.3%), Loss: 0.4213, LR: 2.68e-07, Tokens: 289
2025-11-18 16:27:28,865 -   Scheduler step: 634, Optimizer step count: 10150
2025-11-18 16:27:47,662 - Step 10200/236780 (4.3%), Loss: 0.4261, LR: 2.69e-07, Tokens: 268
2025-11-18 16:27:47,663 -   Scheduler step: 637, Optimizer step count: 10200
2025-11-18 16:28:10,070 - ✓ New best validation loss: 0.400342
2025-11-18 16:28:14,051 - ✓ Checkpoint saved at step 10200
2025-11-18 16:28:32,818 - Step 10250/236780 (4.3%), Loss: 0.4294, LR: 2.70e-07, Tokens: 281
2025-11-18 16:28:32,819 -   Scheduler step: 640, Optimizer step count: 10250
2025-11-18 16:28:51,375 - Step 10300/236780 (4.4%), Loss: 0.3006, LR: 2.72e-07, Tokens: 298
2025-11-18 16:28:51,375 -   Scheduler step: 643, Optimizer step count: 10300
2025-11-18 16:29:15,554 - ✓ New best validation loss: 0.395274
2025-11-18 16:29:35,785 - Step 10350/236780 (4.4%), Loss: 0.3164, LR: 2.73e-07, Tokens: 299
2025-11-18 16:29:35,786 -   Scheduler step: 646, Optimizer step count: 10350
2025-11-18 16:29:55,723 - Step 10400/236780 (4.4%), Loss: 0.4037, LR: 2.75e-07, Tokens: 285
2025-11-18 16:29:55,723 -   Scheduler step: 650, Optimizer step count: 10400
2025-11-18 16:30:19,321 - ✓ New best validation loss: 0.389820
2025-11-18 16:30:24,082 - ✓ Checkpoint saved at step 10400
2025-11-18 16:30:42,858 - Step 10450/236780 (4.4%), Loss: 0.3018, LR: 2.76e-07, Tokens: 304
2025-11-18 16:30:42,858 -   Scheduler step: 653, Optimizer step count: 10450
2025-11-18 16:31:01,650 - Step 10500/236780 (4.4%), Loss: 0.3238, LR: 2.77e-07, Tokens: 293
2025-11-18 16:31:01,651 -   Scheduler step: 656, Optimizer step count: 10500
2025-11-18 16:31:21,514 - ✓ New best validation loss: 0.384931
2025-11-18 16:31:40,076 - Step 10550/236780 (4.5%), Loss: 0.3965, LR: 2.78e-07, Tokens: 272
2025-11-18 16:31:40,076 -   Scheduler step: 659, Optimizer step count: 10550
2025-11-18 16:31:58,486 - Step 10600/236780 (4.5%), Loss: 0.3846, LR: 2.80e-07, Tokens: 284
2025-11-18 16:31:58,486 -   Scheduler step: 662, Optimizer step count: 10600
2025-11-18 16:32:16,937 - ✓ New best validation loss: 0.381032
2025-11-18 16:32:23,169 - ✓ Checkpoint saved at step 10600
2025-11-18 16:32:43,687 - Step 10650/236780 (4.5%), Loss: 0.2628, LR: 2.81e-07, Tokens: 325
2025-11-18 16:32:43,687 -   Scheduler step: 665, Optimizer step count: 10650
2025-11-18 16:33:02,273 - Step 10700/236780 (4.5%), Loss: 0.4039, LR: 2.82e-07, Tokens: 279
2025-11-18 16:33:02,273 -   Scheduler step: 668, Optimizer step count: 10700
2025-11-18 16:33:19,993 - ✓ New best validation loss: 0.377097
2025-11-18 16:33:38,906 - Step 10750/236780 (4.5%), Loss: 0.3930, LR: 2.83e-07, Tokens: 290
2025-11-18 16:33:38,907 -   Scheduler step: 671, Optimizer step count: 10750
2025-11-18 16:33:57,782 - Step 10800/236780 (4.6%), Loss: 0.3188, LR: 2.85e-07, Tokens: 272
2025-11-18 16:33:57,783 -   Scheduler step: 675, Optimizer step count: 10800
2025-11-18 16:34:16,006 - ✓ New best validation loss: 0.372649
2025-11-18 16:34:20,372 - ✓ Checkpoint saved at step 10800
2025-11-18 16:34:38,945 - Step 10850/236780 (4.6%), Loss: 0.3958, LR: 2.86e-07, Tokens: 299
2025-11-18 16:34:38,946 -   Scheduler step: 678, Optimizer step count: 10850
2025-11-18 16:34:57,510 - Step 10900/236780 (4.6%), Loss: 0.2793, LR: 2.88e-07, Tokens: 305
2025-11-18 16:34:57,511 -   Scheduler step: 681, Optimizer step count: 10900
2025-11-18 16:35:15,348 - ✓ New best validation loss: 0.369005
2025-11-18 16:35:33,689 - Step 10950/236780 (4.6%), Loss: 0.3754, LR: 2.89e-07, Tokens: 273
2025-11-18 16:35:33,690 -   Scheduler step: 684, Optimizer step count: 10950
2025-11-18 16:35:52,297 - Step 11000/236780 (4.6%), Loss: 0.2791, LR: 2.90e-07, Tokens: 297
2025-11-18 16:35:52,298 -   Scheduler step: 687, Optimizer step count: 11000
2025-11-18 16:36:09,895 - ✓ New best validation loss: 0.364939
2025-11-18 16:36:14,307 - ✓ Checkpoint saved at step 11000
2025-11-18 16:36:32,791 - Step 11050/236780 (4.7%), Loss: 0.2992, LR: 2.91e-07, Tokens: 303
2025-11-18 16:36:32,791 -   Scheduler step: 690, Optimizer step count: 11050
2025-11-18 16:36:51,199 - Step 11100/236780 (4.7%), Loss: 0.3609, LR: 2.93e-07, Tokens: 286
2025-11-18 16:36:51,199 -   Scheduler step: 693, Optimizer step count: 11100
2025-11-18 16:37:08,715 - ✓ New best validation loss: 0.361225
2025-11-18 16:37:26,838 - Step 11150/236780 (4.7%), Loss: 0.3764, LR: 2.94e-07, Tokens: 279
2025-11-18 16:37:26,838 -   Scheduler step: 696, Optimizer step count: 11150
2025-11-18 16:37:44,740 - Step 11200/236780 (4.7%), Loss: 0.4266, LR: 2.96e-07, Tokens: 277
2025-11-18 16:37:44,741 -   Scheduler step: 700, Optimizer step count: 11200
2025-11-18 16:38:08,866 - ✓ New best validation loss: 0.356777
2025-11-18 16:38:13,820 - ✓ Checkpoint saved at step 11200
2025-11-18 16:38:32,281 - Step 11250/236780 (4.8%), Loss: 0.3416, LR: 2.97e-07, Tokens: 284
2025-11-18 16:38:32,281 -   Scheduler step: 703, Optimizer step count: 11250
2025-11-18 16:38:50,839 - Step 11300/236780 (4.8%), Loss: 0.2966, LR: 2.98e-07, Tokens: 296
2025-11-18 16:38:50,840 -   Scheduler step: 706, Optimizer step count: 11300
2025-11-18 16:39:13,828 - ✓ New best validation loss: 0.354240
2025-11-18 16:39:32,293 - Step 11350/236780 (4.8%), Loss: 0.2730, LR: 2.99e-07, Tokens: 298
2025-11-18 16:39:32,293 -   Scheduler step: 709, Optimizer step count: 11350
2025-11-18 16:39:51,868 - Step 11400/236780 (4.8%), Loss: 0.2852, LR: 3.01e-07, Tokens: 297
2025-11-18 16:39:51,869 -   Scheduler step: 712, Optimizer step count: 11400
2025-11-18 16:40:15,327 - ✓ New best validation loss: 0.350986
2025-11-18 16:40:19,730 - ✓ Checkpoint saved at step 11400
2025-11-18 16:40:38,832 - Step 11450/236780 (4.8%), Loss: 0.3889, LR: 3.02e-07, Tokens: 286
2025-11-18 16:40:38,833 -   Scheduler step: 715, Optimizer step count: 11450
2025-11-18 16:40:57,244 - Step 11500/236780 (4.9%), Loss: 0.3007, LR: 3.03e-07, Tokens: 307
2025-11-18 16:40:57,244 -   Scheduler step: 718, Optimizer step count: 11500
2025-11-18 16:41:20,612 - ✓ New best validation loss: 0.347731
2025-11-18 16:41:39,784 - Step 11550/236780 (4.9%), Loss: 0.3954, LR: 3.05e-07, Tokens: 282
2025-11-18 16:41:39,785 -   Scheduler step: 721, Optimizer step count: 11550
2025-11-18 16:41:57,906 - Step 11600/236780 (4.9%), Loss: 0.3953, LR: 3.06e-07, Tokens: 284
2025-11-18 16:41:57,907 -   Scheduler step: 725, Optimizer step count: 11600
2025-11-18 16:42:15,096 - ✓ New best validation loss: 0.344313
2025-11-18 16:42:19,330 - ✓ Checkpoint saved at step 11600
2025-11-18 16:42:37,509 - Step 11650/236780 (4.9%), Loss: 0.3380, LR: 3.07e-07, Tokens: 271
2025-11-18 16:42:37,510 -   Scheduler step: 728, Optimizer step count: 11650
2025-11-18 16:42:55,606 - Step 11700/236780 (4.9%), Loss: 0.2396, LR: 3.09e-07, Tokens: 309
2025-11-18 16:42:55,607 -   Scheduler step: 731, Optimizer step count: 11700
2025-11-18 16:43:13,067 - ✓ New best validation loss: 0.341191
2025-11-18 16:43:31,352 - Step 11750/236780 (5.0%), Loss: 0.2820, LR: 3.10e-07, Tokens: 299
2025-11-18 16:43:31,352 -   Scheduler step: 734, Optimizer step count: 11750
2025-11-18 16:43:49,565 - Step 11800/236780 (5.0%), Loss: 0.3326, LR: 3.11e-07, Tokens: 289
2025-11-18 16:43:49,565 -   Scheduler step: 737, Optimizer step count: 11800
2025-11-18 16:44:07,034 - ✓ New best validation loss: 0.339273
2025-11-18 16:44:11,455 - ✓ Checkpoint saved at step 11800
2025-11-18 16:44:29,719 - Step 11850/236780 (5.0%), Loss: 0.2822, LR: 3.13e-07, Tokens: 304
2025-11-18 16:44:29,719 -   Scheduler step: 740, Optimizer step count: 11850
2025-11-18 16:44:47,794 - Step 11900/236780 (5.0%), Loss: 0.2656, LR: 3.14e-07, Tokens: 305
2025-11-18 16:44:47,794 -   Scheduler step: 743, Optimizer step count: 11900
2025-11-18 16:45:11,329 - ✓ New best validation loss: 0.335924
2025-11-18 16:45:29,471 - Step 11950/236780 (5.0%), Loss: 0.3679, LR: 3.15e-07, Tokens: 282
2025-11-18 16:45:29,472 -   Scheduler step: 746, Optimizer step count: 11950
2025-11-18 16:45:49,278 - Step 12000/236780 (5.1%), Loss: 0.3825, LR: 3.17e-07, Tokens: 283
2025-11-18 16:45:49,279 -   Scheduler step: 750, Optimizer step count: 12000
2025-11-18 16:46:12,131 - ✓ New best validation loss: 0.332398
2025-11-18 16:46:16,653 - ✓ Checkpoint saved at step 12000
2025-11-18 16:46:35,105 - Step 12050/236780 (5.1%), Loss: 0.3033, LR: 3.18e-07, Tokens: 274
2025-11-18 16:46:35,105 -   Scheduler step: 753, Optimizer step count: 12050
2025-11-18 16:46:53,828 - Step 12100/236780 (5.1%), Loss: 0.3424, LR: 3.19e-07, Tokens: 277
2025-11-18 16:46:53,828 -   Scheduler step: 756, Optimizer step count: 12100
2025-11-18 16:47:18,113 - ✓ New best validation loss: 0.329734
2025-11-18 16:47:36,594 - Step 12150/236780 (5.1%), Loss: 0.2675, LR: 3.21e-07, Tokens: 303
2025-11-18 16:47:36,595 -   Scheduler step: 759, Optimizer step count: 12150
2025-11-18 16:47:55,241 - Step 12200/236780 (5.2%), Loss: 0.2733, LR: 3.22e-07, Tokens: 297
2025-11-18 16:47:55,242 -   Scheduler step: 762, Optimizer step count: 12200
2025-11-18 16:48:18,487 - ✓ New best validation loss: 0.326439
2025-11-18 16:48:22,844 - ✓ Checkpoint saved at step 12200
2025-11-18 16:48:41,788 - Step 12250/236780 (5.2%), Loss: 0.2955, LR: 3.23e-07, Tokens: 303
2025-11-18 16:48:41,789 -   Scheduler step: 765, Optimizer step count: 12250
2025-11-18 16:49:00,350 - Step 12300/236780 (5.2%), Loss: 0.3281, LR: 3.24e-07, Tokens: 286
2025-11-18 16:49:00,350 -   Scheduler step: 768, Optimizer step count: 12300
2025-11-18 16:49:23,786 - ✓ New best validation loss: 0.323728
2025-11-18 16:49:42,202 - Step 12350/236780 (5.2%), Loss: 0.4235, LR: 3.26e-07, Tokens: 275
2025-11-18 16:49:42,203 -   Scheduler step: 771, Optimizer step count: 12350
2025-11-18 16:50:01,350 - Step 12400/236780 (5.2%), Loss: 0.2595, LR: 3.27e-07, Tokens: 298
2025-11-18 16:50:01,352 -   Scheduler step: 775, Optimizer step count: 12400
2025-11-18 16:50:26,376 - ✓ New best validation loss: 0.320605
2025-11-18 16:50:30,697 - ✓ Checkpoint saved at step 12400
2025-11-18 16:50:49,368 - Step 12450/236780 (5.3%), Loss: 0.3455, LR: 3.29e-07, Tokens: 283
2025-11-18 16:50:49,368 -   Scheduler step: 778, Optimizer step count: 12450
2025-11-18 16:51:07,889 - Step 12500/236780 (5.3%), Loss: 0.3376, LR: 3.30e-07, Tokens: 282
2025-11-18 16:51:07,889 -   Scheduler step: 781, Optimizer step count: 12500
2025-11-18 16:51:25,351 - ✓ New best validation loss: 0.318252
2025-11-18 16:51:43,867 - Step 12550/236780 (5.3%), Loss: 0.2917, LR: 3.31e-07, Tokens: 301
2025-11-18 16:51:43,867 -   Scheduler step: 784, Optimizer step count: 12550
2025-11-18 16:52:01,895 - Step 12600/236780 (5.3%), Loss: 0.3266, LR: 3.32e-07, Tokens: 286
2025-11-18 16:52:01,895 -   Scheduler step: 787, Optimizer step count: 12600
2025-11-18 16:52:18,896 - ✓ New best validation loss: 0.315268
2025-11-18 16:52:22,833 - ✓ Checkpoint saved at step 12600
2025-11-18 16:52:43,573 - Step 12650/236780 (5.3%), Loss: 0.3186, LR: 3.34e-07, Tokens: 286
2025-11-18 16:52:43,573 -   Scheduler step: 790, Optimizer step count: 12650
2025-11-18 16:53:04,357 - Step 12700/236780 (5.4%), Loss: 0.2685, LR: 3.35e-07, Tokens: 296
2025-11-18 16:53:04,357 -   Scheduler step: 793, Optimizer step count: 12700
2025-11-18 16:53:21,636 - ✓ New best validation loss: 0.313303
2025-11-18 16:53:40,619 - Step 12750/236780 (5.4%), Loss: 0.3612, LR: 3.36e-07, Tokens: 284
2025-11-18 16:53:40,619 -   Scheduler step: 796, Optimizer step count: 12750
2025-11-18 16:53:59,136 - Step 12800/236780 (5.4%), Loss: 0.2773, LR: 3.38e-07, Tokens: 274
2025-11-18 16:53:59,136 -   Scheduler step: 800, Optimizer step count: 12800
2025-11-18 16:54:16,664 - ✓ New best validation loss: 0.310446
2025-11-18 16:54:24,062 - ✓ Checkpoint saved at step 12800
2025-11-18 16:54:43,335 - Step 12850/236780 (5.4%), Loss: 0.3161, LR: 3.39e-07, Tokens: 275
2025-11-18 16:54:43,335 -   Scheduler step: 803, Optimizer step count: 12850
2025-11-18 16:55:02,370 - Step 12900/236780 (5.4%), Loss: 0.2955, LR: 3.40e-07, Tokens: 281
2025-11-18 16:55:02,370 -   Scheduler step: 806, Optimizer step count: 12900
2025-11-18 16:55:20,117 - ✓ New best validation loss: 0.308034
2025-11-18 16:55:38,882 - Step 12950/236780 (5.5%), Loss: 0.3292, LR: 3.42e-07, Tokens: 282
2025-11-18 16:55:38,882 -   Scheduler step: 809, Optimizer step count: 12950
2025-11-18 16:55:57,289 - Step 13000/236780 (5.5%), Loss: 0.3516, LR: 3.43e-07, Tokens: 280
2025-11-18 16:55:57,289 -   Scheduler step: 812, Optimizer step count: 13000
2025-11-18 16:56:14,430 - ✓ New best validation loss: 0.306019
2025-11-18 16:56:18,663 - ✓ Checkpoint saved at step 13000
2025-11-18 16:56:37,346 - Step 13050/236780 (5.5%), Loss: 0.3169, LR: 3.44e-07, Tokens: 283
2025-11-18 16:56:37,346 -   Scheduler step: 815, Optimizer step count: 13050
2025-11-18 16:56:56,757 - Step 13100/236780 (5.5%), Loss: 0.3082, LR: 3.45e-07, Tokens: 301
2025-11-18 16:56:56,758 -   Scheduler step: 818, Optimizer step count: 13100
2025-11-18 16:57:13,990 - ✓ New best validation loss: 0.303695
2025-11-18 16:57:32,950 - Step 13150/236780 (5.6%), Loss: 0.2958, LR: 3.47e-07, Tokens: 307
2025-11-18 16:57:32,950 -   Scheduler step: 821, Optimizer step count: 13150
2025-11-18 16:57:51,143 - Step 13200/236780 (5.6%), Loss: 0.3370, LR: 3.48e-07, Tokens: 275
2025-11-18 16:57:51,143 -   Scheduler step: 825, Optimizer step count: 13200
2025-11-18 16:58:09,033 - ✓ New best validation loss: 0.300640
2025-11-18 16:58:13,537 - ✓ Checkpoint saved at step 13200
2025-11-18 16:58:32,004 - Step 13250/236780 (5.6%), Loss: 0.2616, LR: 3.50e-07, Tokens: 297
2025-11-18 16:58:32,005 -   Scheduler step: 828, Optimizer step count: 13250
2025-11-18 16:58:51,746 - Step 13300/236780 (5.6%), Loss: 0.2872, LR: 3.51e-07, Tokens: 283
2025-11-18 16:58:51,747 -   Scheduler step: 831, Optimizer step count: 13300
2025-11-18 16:59:09,107 - ✓ New best validation loss: 0.299013
2025-11-18 16:59:27,176 - Step 13350/236780 (5.6%), Loss: 0.3194, LR: 3.52e-07, Tokens: 283
2025-11-18 16:59:27,177 -   Scheduler step: 834, Optimizer step count: 13350
2025-11-18 16:59:45,389 - Step 13400/236780 (5.7%), Loss: 0.2856, LR: 3.53e-07, Tokens: 292
2025-11-18 16:59:45,389 -   Scheduler step: 837, Optimizer step count: 13400
2025-11-18 17:00:02,214 - ✓ New best validation loss: 0.297244
2025-11-18 17:00:06,150 - ✓ Checkpoint saved at step 13400
2025-11-18 17:00:24,288 - Step 13450/236780 (5.7%), Loss: 0.2939, LR: 3.55e-07, Tokens: 283
2025-11-18 17:00:24,289 -   Scheduler step: 840, Optimizer step count: 13450
2025-11-18 17:00:43,363 - Step 13500/236780 (5.7%), Loss: 0.2433, LR: 3.56e-07, Tokens: 323
2025-11-18 17:00:43,363 -   Scheduler step: 843, Optimizer step count: 13500
2025-11-18 17:01:00,976 - ✓ New best validation loss: 0.294904
2025-11-18 17:01:19,915 - Step 13550/236780 (5.7%), Loss: 0.2483, LR: 3.57e-07, Tokens: 318
2025-11-18 17:01:19,915 -   Scheduler step: 846, Optimizer step count: 13550
2025-11-18 17:01:38,838 - Step 13600/236780 (5.7%), Loss: 0.2619, LR: 3.59e-07, Tokens: 293
2025-11-18 17:01:38,838 -   Scheduler step: 850, Optimizer step count: 13600
2025-11-18 17:01:58,814 - ✓ New best validation loss: 0.293105
2025-11-18 17:02:04,126 - ✓ Checkpoint saved at step 13600
2025-11-18 17:02:23,137 - Step 13650/236780 (5.8%), Loss: 0.2897, LR: 3.60e-07, Tokens: 284
2025-11-18 17:02:23,138 -   Scheduler step: 853, Optimizer step count: 13650
2025-11-18 17:02:42,934 - Step 13700/236780 (5.8%), Loss: 0.3196, LR: 3.62e-07, Tokens: 284
2025-11-18 17:02:42,934 -   Scheduler step: 856, Optimizer step count: 13700
2025-11-18 17:03:06,159 - ✓ New best validation loss: 0.291269
2025-11-18 17:03:25,020 - Step 13750/236780 (5.8%), Loss: 0.3102, LR: 3.63e-07, Tokens: 279
2025-11-18 17:03:25,021 -   Scheduler step: 859, Optimizer step count: 13750
2025-11-18 17:03:43,718 - Step 13800/236780 (5.8%), Loss: 0.3169, LR: 3.64e-07, Tokens: 267
2025-11-18 17:03:43,718 -   Scheduler step: 862, Optimizer step count: 13800
2025-11-18 17:04:07,115 - ✓ New best validation loss: 0.290444
2025-11-18 17:04:11,263 - ✓ Checkpoint saved at step 13800
2025-11-18 17:04:30,159 - Step 13850/236780 (5.8%), Loss: 0.3059, LR: 3.65e-07, Tokens: 282
2025-11-18 17:04:30,159 -   Scheduler step: 865, Optimizer step count: 13850
2025-11-18 17:04:49,605 - Step 13900/236780 (5.9%), Loss: 0.2425, LR: 3.67e-07, Tokens: 298
2025-11-18 17:04:49,605 -   Scheduler step: 868, Optimizer step count: 13900
2025-11-18 17:05:13,209 - ✓ New best validation loss: 0.288482
2025-11-18 17:05:32,070 - Step 13950/236780 (5.9%), Loss: 0.2317, LR: 3.68e-07, Tokens: 303
2025-11-18 17:05:32,070 -   Scheduler step: 871, Optimizer step count: 13950
2025-11-18 17:05:50,760 - Step 14000/236780 (5.9%), Loss: 0.2375, LR: 3.70e-07, Tokens: 325
2025-11-18 17:05:50,760 -   Scheduler step: 875, Optimizer step count: 14000
2025-11-18 17:06:14,119 - ✓ New best validation loss: 0.286780
2025-11-18 17:06:18,439 - ✓ Checkpoint saved at step 14000
2025-11-18 17:06:37,566 - Step 14050/236780 (5.9%), Loss: 0.2534, LR: 3.71e-07, Tokens: 295
2025-11-18 17:06:37,567 -   Scheduler step: 878, Optimizer step count: 14050
2025-11-18 17:06:56,304 - Step 14100/236780 (6.0%), Loss: 0.3107, LR: 3.72e-07, Tokens: 283
2025-11-18 17:06:56,304 -   Scheduler step: 881, Optimizer step count: 14100
2025-11-18 17:07:21,205 - ✓ New best validation loss: 0.285732
2025-11-18 17:07:39,438 - Step 14150/236780 (6.0%), Loss: 0.2628, LR: 3.73e-07, Tokens: 296
2025-11-18 17:07:39,438 -   Scheduler step: 884, Optimizer step count: 14150
2025-11-18 17:07:57,509 - Step 14200/236780 (6.0%), Loss: 0.2607, LR: 3.75e-07, Tokens: 298
2025-11-18 17:07:57,510 -   Scheduler step: 887, Optimizer step count: 14200
2025-11-18 17:08:21,045 - ✓ New best validation loss: 0.284447
2025-11-18 17:08:25,428 - ✓ Checkpoint saved at step 14200
2025-11-18 17:08:43,790 - Step 14250/236780 (6.0%), Loss: 0.2758, LR: 3.76e-07, Tokens: 284
2025-11-18 17:08:43,790 -   Scheduler step: 890, Optimizer step count: 14250
2025-11-18 17:09:03,399 - Step 14300/236780 (6.0%), Loss: 0.3144, LR: 3.77e-07, Tokens: 280
2025-11-18 17:09:03,399 -   Scheduler step: 893, Optimizer step count: 14300
2025-11-18 17:09:20,789 - ✓ New best validation loss: 0.283297
2025-11-18 17:09:40,583 - Step 14350/236780 (6.1%), Loss: 0.2701, LR: 3.78e-07, Tokens: 294
2025-11-18 17:09:40,584 -   Scheduler step: 896, Optimizer step count: 14350
2025-11-18 17:09:59,615 - Step 14400/236780 (6.1%), Loss: 0.2558, LR: 3.80e-07, Tokens: 297
2025-11-18 17:09:59,616 -   Scheduler step: 900, Optimizer step count: 14400
2025-11-18 17:10:18,040 - ✓ New best validation loss: 0.281692
2025-11-18 17:10:22,513 - ✓ Checkpoint saved at step 14400
2025-11-18 17:10:41,352 - Step 14450/236780 (6.1%), Loss: 0.2745, LR: 3.81e-07, Tokens: 273
2025-11-18 17:10:41,352 -   Scheduler step: 903, Optimizer step count: 14450
2025-11-18 17:10:59,658 - Step 14500/236780 (6.1%), Loss: 0.2936, LR: 3.83e-07, Tokens: 278
2025-11-18 17:10:59,659 -   Scheduler step: 906, Optimizer step count: 14500
2025-11-18 17:11:17,755 - ✓ New best validation loss: 0.280594
2025-11-18 17:11:36,896 - Step 14550/236780 (6.1%), Loss: 0.2717, LR: 3.84e-07, Tokens: 295
2025-11-18 17:11:36,896 -   Scheduler step: 909, Optimizer step count: 14550
2025-11-18 17:11:57,847 - Step 14600/236780 (6.2%), Loss: 0.2753, LR: 3.85e-07, Tokens: 284
2025-11-18 17:11:57,847 -   Scheduler step: 912, Optimizer step count: 14600
2025-11-18 17:12:14,843 - ✓ New best validation loss: 0.279543
2025-11-18 17:12:19,285 - ✓ Checkpoint saved at step 14600
2025-11-18 17:12:37,685 - Step 14650/236780 (6.2%), Loss: 0.2821, LR: 3.86e-07, Tokens: 276
2025-11-18 17:12:37,685 -   Scheduler step: 915, Optimizer step count: 14650
2025-11-18 17:12:56,341 - Step 14700/236780 (6.2%), Loss: 0.2894, LR: 3.88e-07, Tokens: 283
2025-11-18 17:12:56,342 -   Scheduler step: 918, Optimizer step count: 14700
2025-11-18 17:13:13,461 - ✓ New best validation loss: 0.278277
2025-11-18 17:13:31,859 - Step 14750/236780 (6.2%), Loss: 0.2711, LR: 3.89e-07, Tokens: 281
2025-11-18 17:13:31,860 -   Scheduler step: 921, Optimizer step count: 14750
2025-11-18 17:13:51,853 - Step 14800/236780 (6.3%), Loss: 0.2512, LR: 3.91e-07, Tokens: 290
2025-11-18 17:13:51,853 -   Scheduler step: 925, Optimizer step count: 14800
2025-11-18 17:14:09,129 - ✓ New best validation loss: 0.277289
2025-11-18 17:14:13,144 - ✓ Checkpoint saved at step 14800
2025-11-18 17:14:31,537 - Step 14850/236780 (6.3%), Loss: 0.2622, LR: 3.92e-07, Tokens: 282
2025-11-18 17:14:31,538 -   Scheduler step: 928, Optimizer step count: 14850
2025-11-18 17:14:49,409 - Step 14900/236780 (6.3%), Loss: 0.3605, LR: 3.93e-07, Tokens: 293
2025-11-18 17:14:49,409 -   Scheduler step: 931, Optimizer step count: 14900
2025-11-18 17:15:06,153 - ✓ New best validation loss: 0.276068
2025-11-18 17:15:24,269 - Step 14950/236780 (6.3%), Loss: 0.2683, LR: 3.94e-07, Tokens: 287
2025-11-18 17:15:24,270 -   Scheduler step: 934, Optimizer step count: 14950
2025-11-18 17:15:42,451 - Step 15000/236780 (6.3%), Loss: 0.2887, LR: 3.96e-07, Tokens: 272
2025-11-18 17:15:42,452 -   Scheduler step: 937, Optimizer step count: 15000
2025-11-18 17:16:00,452 - ✓ New best validation loss: 0.275324
2025-11-18 17:16:05,270 - ✓ Checkpoint saved at step 15000
2025-11-18 17:16:23,512 - Step 15050/236780 (6.4%), Loss: 0.2401, LR: 3.97e-07, Tokens: 300
2025-11-18 17:16:23,512 -   Scheduler step: 940, Optimizer step count: 15050
2025-11-18 17:16:43,076 - Step 15100/236780 (6.4%), Loss: 0.2710, LR: 3.98e-07, Tokens: 280
2025-11-18 17:16:43,076 -   Scheduler step: 943, Optimizer step count: 15100
2025-11-18 17:17:02,032 - ✓ New best validation loss: 0.274666
2025-11-18 17:17:20,371 - Step 15150/236780 (6.4%), Loss: 0.2910, LR: 4.00e-07, Tokens: 282
2025-11-18 17:17:20,372 -   Scheduler step: 946, Optimizer step count: 15150
2025-11-18 17:17:38,707 - Step 15200/236780 (6.4%), Loss: 0.2244, LR: 4.01e-07, Tokens: 303
2025-11-18 17:17:38,707 -   Scheduler step: 950, Optimizer step count: 15200
2025-11-18 17:17:56,324 - ✓ New best validation loss: 0.273609
2025-11-18 17:18:00,771 - ✓ Checkpoint saved at step 15200
2025-11-18 17:18:19,284 - Step 15250/236780 (6.4%), Loss: 0.2556, LR: 4.02e-07, Tokens: 283
2025-11-18 17:18:19,284 -   Scheduler step: 953, Optimizer step count: 15250
2025-11-18 17:18:37,894 - Step 15300/236780 (6.5%), Loss: 0.2754, LR: 4.04e-07, Tokens: 282
2025-11-18 17:18:37,894 -   Scheduler step: 956, Optimizer step count: 15300
2025-11-18 17:19:01,320 - ✓ New best validation loss: 0.272826
2025-11-18 17:19:20,439 - Step 15350/236780 (6.5%), Loss: 0.2490, LR: 4.05e-07, Tokens: 307
2025-11-18 17:19:20,439 -   Scheduler step: 959, Optimizer step count: 15350
2025-11-18 17:19:39,066 - Step 15400/236780 (6.5%), Loss: 0.2692, LR: 4.06e-07, Tokens: 286
2025-11-18 17:19:39,066 -   Scheduler step: 962, Optimizer step count: 15400
2025-11-18 17:20:02,384 - ✓ New best validation loss: 0.271834
2025-11-18 17:20:06,628 - ✓ Checkpoint saved at step 15400
2025-11-18 17:20:25,135 - Step 15450/236780 (6.5%), Loss: 0.2325, LR: 4.08e-07, Tokens: 312
2025-11-18 17:20:25,135 -   Scheduler step: 965, Optimizer step count: 15450
2025-11-18 17:20:43,689 - Step 15500/236780 (6.5%), Loss: 0.2861, LR: 4.09e-07, Tokens: 279
2025-11-18 17:20:43,690 -   Scheduler step: 968, Optimizer step count: 15500
2025-11-18 17:21:06,755 - ✓ New best validation loss: 0.271238
2025-11-18 17:21:25,423 - Step 15550/236780 (6.6%), Loss: 0.3001, LR: 4.10e-07, Tokens: 257
2025-11-18 17:21:25,424 -   Scheduler step: 971, Optimizer step count: 15550
2025-11-18 17:21:43,792 - Step 15600/236780 (6.6%), Loss: 0.2634, LR: 4.12e-07, Tokens: 276
2025-11-18 17:21:43,792 -   Scheduler step: 975, Optimizer step count: 15600
2025-11-18 17:22:07,346 - ✓ New best validation loss: 0.270915
2025-11-18 17:22:11,336 - ✓ Checkpoint saved at step 15600
2025-11-18 17:22:29,319 - Step 15650/236780 (6.6%), Loss: 0.2850, LR: 4.13e-07, Tokens: 283
2025-11-18 17:22:29,319 -   Scheduler step: 978, Optimizer step count: 15650
2025-11-18 17:22:47,438 - Step 15700/236780 (6.6%), Loss: 0.2552, LR: 4.14e-07, Tokens: 293
2025-11-18 17:22:47,439 -   Scheduler step: 981, Optimizer step count: 15700
2025-11-18 17:23:11,544 - ✓ New best validation loss: 0.270089
2025-11-18 17:23:30,169 - Step 15750/236780 (6.7%), Loss: 0.2588, LR: 4.16e-07, Tokens: 281
2025-11-18 17:23:30,169 -   Scheduler step: 984, Optimizer step count: 15750
2025-11-18 17:23:48,740 - Step 15800/236780 (6.7%), Loss: 0.2512, LR: 4.17e-07, Tokens: 295
2025-11-18 17:23:48,740 -   Scheduler step: 987, Optimizer step count: 15800
2025-11-18 17:24:13,794 - ✓ New best validation loss: 0.269522
2025-11-18 17:24:19,586 - ✓ Checkpoint saved at step 15800
2025-11-18 17:24:38,938 - Step 15850/236780 (6.7%), Loss: 0.2441, LR: 4.18e-07, Tokens: 297
2025-11-18 17:24:38,938 -   Scheduler step: 990, Optimizer step count: 15850
2025-11-18 17:24:57,514 - Step 15900/236780 (6.7%), Loss: 0.3017, LR: 4.19e-07, Tokens: 268
2025-11-18 17:24:57,514 -   Scheduler step: 993, Optimizer step count: 15900
2025-11-18 17:25:14,660 - ✓ New best validation loss: 0.269103
2025-11-18 17:25:33,189 - Step 15950/236780 (6.7%), Loss: 0.2686, LR: 4.21e-07, Tokens: 288
2025-11-18 17:25:33,189 -   Scheduler step: 996, Optimizer step count: 15950
2025-11-18 17:25:51,721 - Step 16000/236780 (6.8%), Loss: 0.2992, LR: 4.22e-07, Tokens: 277
2025-11-18 17:25:51,722 -   Scheduler step: 1000, Optimizer step count: 16000
2025-11-18 17:26:09,140 - ✓ New best validation loss: 0.268158
2025-11-18 17:26:13,610 - ✓ Checkpoint saved at step 16000
2025-11-18 17:26:31,806 - Step 16050/236780 (6.8%), Loss: 0.2354, LR: 4.24e-07, Tokens: 300
2025-11-18 17:26:31,806 -   Scheduler step: 1003, Optimizer step count: 16050
2025-11-18 17:26:50,204 - Step 16100/236780 (6.8%), Loss: 0.2240, LR: 4.25e-07, Tokens: 317
2025-11-18 17:26:50,205 -   Scheduler step: 1006, Optimizer step count: 16100
2025-11-18 17:27:14,166 - ✓ New best validation loss: 0.267336
2025-11-18 17:27:33,069 - Step 16150/236780 (6.8%), Loss: 0.2783, LR: 4.26e-07, Tokens: 277
2025-11-18 17:27:33,069 -   Scheduler step: 1009, Optimizer step count: 16150
2025-11-18 17:27:51,413 - Step 16200/236780 (6.8%), Loss: 0.2793, LR: 4.27e-07, Tokens: 279
2025-11-18 17:27:51,414 -   Scheduler step: 1012, Optimizer step count: 16200
2025-11-18 17:28:14,313 - ✓ New best validation loss: 0.267250
2025-11-18 17:28:18,640 - ✓ Checkpoint saved at step 16200
2025-11-18 17:28:37,036 - Step 16250/236780 (6.9%), Loss: 0.3315, LR: 4.29e-07, Tokens: 274
2025-11-18 17:28:37,036 -   Scheduler step: 1015, Optimizer step count: 16250
2025-11-18 17:28:55,472 - Step 16300/236780 (6.9%), Loss: 0.2708, LR: 4.30e-07, Tokens: 287
2025-11-18 17:28:55,472 -   Scheduler step: 1018, Optimizer step count: 16300
2025-11-18 17:29:19,382 - ✓ New best validation loss: 0.266678
2025-11-18 17:29:37,626 - Step 16350/236780 (6.9%), Loss: 0.2886, LR: 4.31e-07, Tokens: 281
2025-11-18 17:29:37,626 -   Scheduler step: 1021, Optimizer step count: 16350
2025-11-18 17:29:55,742 - Step 16400/236780 (6.9%), Loss: 0.2688, LR: 4.33e-07, Tokens: 298
2025-11-18 17:29:55,743 -   Scheduler step: 1025, Optimizer step count: 16400
2025-11-18 17:30:20,974 - ✓ New best validation loss: 0.265980
2025-11-18 17:30:25,416 - ✓ Checkpoint saved at step 16400
2025-11-18 17:30:44,002 - Step 16450/236780 (6.9%), Loss: 0.2703, LR: 4.34e-07, Tokens: 281
2025-11-18 17:30:44,002 -   Scheduler step: 1028, Optimizer step count: 16450
2025-11-18 17:31:02,679 - Step 16500/236780 (7.0%), Loss: 0.3076, LR: 4.35e-07, Tokens: 273
2025-11-18 17:31:02,680 -   Scheduler step: 1031, Optimizer step count: 16500
2025-11-18 17:31:25,258 - ✓ New best validation loss: 0.265580
2025-11-18 17:31:43,713 - Step 16550/236780 (7.0%), Loss: 0.3041, LR: 4.37e-07, Tokens: 288
2025-11-18 17:31:43,713 -   Scheduler step: 1034, Optimizer step count: 16550
2025-11-18 17:32:03,612 - Step 16600/236780 (7.0%), Loss: 0.3041, LR: 4.38e-07, Tokens: 286
2025-11-18 17:32:03,613 -   Scheduler step: 1037, Optimizer step count: 16600
2025-11-18 17:32:27,076 - Validation loss at step 16600: 0.265612 (no improvement: 1/20)
2025-11-18 17:32:31,327 - ✓ Checkpoint saved at step 16600
2025-11-18 17:32:49,975 - Step 16650/236780 (7.0%), Loss: 0.2630, LR: 4.39e-07, Tokens: 281
2025-11-18 17:32:49,976 -   Scheduler step: 1040, Optimizer step count: 16650
2025-11-18 17:33:08,005 - Step 16700/236780 (7.1%), Loss: 0.2398, LR: 4.40e-07, Tokens: 307
2025-11-18 17:33:08,006 -   Scheduler step: 1043, Optimizer step count: 16700
2025-11-18 17:33:25,568 - ✓ New best validation loss: 0.265441
2025-11-18 17:33:43,682 - Step 16750/236780 (7.1%), Loss: 0.2479, LR: 4.42e-07, Tokens: 300
2025-11-18 17:33:43,682 -   Scheduler step: 1046, Optimizer step count: 16750
2025-11-18 17:34:02,396 - Step 16800/236780 (7.1%), Loss: 0.2756, LR: 4.43e-07, Tokens: 269
2025-11-18 17:34:02,397 -   Scheduler step: 1050, Optimizer step count: 16800
2025-11-18 17:34:25,230 - ✓ New best validation loss: 0.264638
2025-11-18 17:34:29,442 - ✓ Checkpoint saved at step 16800
2025-11-18 17:34:47,855 - Step 16850/236780 (7.1%), Loss: 0.2609, LR: 4.45e-07, Tokens: 275
2025-11-18 17:34:47,856 -   Scheduler step: 1053, Optimizer step count: 16850
2025-11-18 17:35:06,288 - Step 16900/236780 (7.1%), Loss: 0.2557, LR: 4.46e-07, Tokens: 303
2025-11-18 17:35:06,288 -   Scheduler step: 1056, Optimizer step count: 16900
2025-11-18 17:35:30,805 - ✓ New best validation loss: 0.264252
2025-11-18 17:35:49,097 - Step 16950/236780 (7.2%), Loss: 0.2530, LR: 4.47e-07, Tokens: 283
2025-11-18 17:35:49,097 -   Scheduler step: 1059, Optimizer step count: 16950
2025-11-18 17:36:07,278 - Step 17000/236780 (7.2%), Loss: 0.2781, LR: 4.49e-07, Tokens: 280
2025-11-18 17:36:07,279 -   Scheduler step: 1062, Optimizer step count: 17000
2025-11-18 17:36:31,472 - ✓ New best validation loss: 0.263864
2025-11-18 17:36:35,702 - ✓ Checkpoint saved at step 17000
2025-11-18 17:36:55,005 - Step 17050/236780 (7.2%), Loss: 0.2501, LR: 4.50e-07, Tokens: 300
2025-11-18 17:36:55,005 -   Scheduler step: 1065, Optimizer step count: 17050
2025-11-18 17:37:13,603 - Step 17100/236780 (7.2%), Loss: 0.2462, LR: 4.51e-07, Tokens: 292
2025-11-18 17:37:13,604 -   Scheduler step: 1068, Optimizer step count: 17100
2025-11-18 17:37:39,062 - ✓ New best validation loss: 0.263773
2025-11-18 17:37:57,350 - Step 17150/236780 (7.2%), Loss: 0.2521, LR: 4.52e-07, Tokens: 286
2025-11-18 17:37:57,350 -   Scheduler step: 1071, Optimizer step count: 17150
2025-11-18 17:38:15,947 - Step 17200/236780 (7.3%), Loss: 0.3103, LR: 4.54e-07, Tokens: 268
2025-11-18 17:38:15,948 -   Scheduler step: 1075, Optimizer step count: 17200
2025-11-18 17:38:40,420 - ✓ New best validation loss: 0.263396
2025-11-18 17:38:44,800 - ✓ Checkpoint saved at step 17200
2025-11-18 17:39:03,191 - Step 17250/236780 (7.3%), Loss: 0.2755, LR: 4.55e-07, Tokens: 285
2025-11-18 17:39:03,192 -   Scheduler step: 1078, Optimizer step count: 17250
2025-11-18 17:39:21,843 - Step 17300/236780 (7.3%), Loss: 0.2416, LR: 4.57e-07, Tokens: 308
2025-11-18 17:39:21,843 -   Scheduler step: 1081, Optimizer step count: 17300
2025-11-18 17:39:46,445 - ✓ New best validation loss: 0.262865
2025-11-18 17:40:04,870 - Step 17350/236780 (7.3%), Loss: 0.2868, LR: 4.58e-07, Tokens: 284
2025-11-18 17:40:04,871 -   Scheduler step: 1084, Optimizer step count: 17350
2025-11-18 17:40:23,344 - Step 17400/236780 (7.3%), Loss: 0.2413, LR: 4.59e-07, Tokens: 292
2025-11-18 17:40:23,345 -   Scheduler step: 1087, Optimizer step count: 17400
2025-11-18 17:40:47,965 - ✓ New best validation loss: 0.262624
2025-11-18 17:40:52,122 - ✓ Checkpoint saved at step 17400
2025-11-18 17:41:10,553 - Step 17450/236780 (7.4%), Loss: 0.2744, LR: 4.60e-07, Tokens: 277
2025-11-18 17:41:10,553 -   Scheduler step: 1090, Optimizer step count: 17450
2025-11-18 17:41:29,029 - Step 17500/236780 (7.4%), Loss: 0.2766, LR: 4.62e-07, Tokens: 279
2025-11-18 17:41:29,030 -   Scheduler step: 1093, Optimizer step count: 17500
2025-11-18 17:41:53,828 - ✓ New best validation loss: 0.262141
2025-11-18 17:42:12,407 - Step 17550/236780 (7.4%), Loss: 0.2490, LR: 4.63e-07, Tokens: 294
2025-11-18 17:42:12,407 -   Scheduler step: 1096, Optimizer step count: 17550
2025-11-18 17:42:30,927 - Step 17600/236780 (7.4%), Loss: 0.2420, LR: 4.65e-07, Tokens: 309
2025-11-18 17:42:30,927 -   Scheduler step: 1100, Optimizer step count: 17600
2025-11-18 17:42:54,899 - ✓ New best validation loss: 0.261820
2025-11-18 17:42:59,202 - ✓ Checkpoint saved at step 17600
2025-11-18 17:43:17,761 - Step 17650/236780 (7.5%), Loss: 0.2557, LR: 4.66e-07, Tokens: 286
2025-11-18 17:43:17,761 -   Scheduler step: 1103, Optimizer step count: 17650
2025-11-18 17:43:36,027 - Step 17700/236780 (7.5%), Loss: 0.2317, LR: 4.67e-07, Tokens: 299
2025-11-18 17:43:36,028 -   Scheduler step: 1106, Optimizer step count: 17700
2025-11-18 17:44:00,306 - Validation loss at step 17700: 0.261951 (no improvement: 1/20)
2025-11-18 17:44:18,500 - Step 17750/236780 (7.5%), Loss: 0.2477, LR: 4.68e-07, Tokens: 305
2025-11-18 17:44:18,501 -   Scheduler step: 1109, Optimizer step count: 17750
2025-11-18 17:44:36,840 - Step 17800/236780 (7.5%), Loss: 0.2677, LR: 4.70e-07, Tokens: 285
2025-11-18 17:44:36,840 -   Scheduler step: 1112, Optimizer step count: 17800
2025-11-18 17:45:01,854 - ✓ New best validation loss: 0.261269
2025-11-18 17:45:05,780 - ✓ Checkpoint saved at step 17800
2025-11-18 17:45:23,535 - Step 17850/236780 (7.5%), Loss: 0.2689, LR: 4.71e-07, Tokens: 287
2025-11-18 17:45:23,535 -   Scheduler step: 1115, Optimizer step count: 17850
2025-11-18 17:45:42,548 - Step 17900/236780 (7.6%), Loss: 0.2389, LR: 4.72e-07, Tokens: 296
2025-11-18 17:45:42,548 -   Scheduler step: 1118, Optimizer step count: 17900
2025-11-18 17:45:59,860 - ✓ New best validation loss: 0.261203
2025-11-18 17:46:17,819 - Step 17950/236780 (7.6%), Loss: 0.2897, LR: 4.73e-07, Tokens: 273
2025-11-18 17:46:17,820 -   Scheduler step: 1121, Optimizer step count: 17950
2025-11-18 17:46:36,030 - Step 18000/236780 (7.6%), Loss: 0.2707, LR: 4.75e-07, Tokens: 279
2025-11-18 17:46:36,030 -   Scheduler step: 1125, Optimizer step count: 18000
2025-11-18 17:46:53,608 - ✓ New best validation loss: 0.260925
2025-11-18 17:46:57,534 - ✓ Checkpoint saved at step 18000
2025-11-18 17:47:16,712 - Step 18050/236780 (7.6%), Loss: 0.2647, LR: 4.76e-07, Tokens: 285
2025-11-18 17:47:16,713 -   Scheduler step: 1128, Optimizer step count: 18050
2025-11-18 17:47:35,375 - Step 18100/236780 (7.6%), Loss: 0.2490, LR: 4.78e-07, Tokens: 283
2025-11-18 17:47:35,375 -   Scheduler step: 1131, Optimizer step count: 18100
2025-11-18 17:47:53,206 - ✓ New best validation loss: 0.260890
2025-11-18 17:48:11,342 - Step 18150/236780 (7.7%), Loss: 0.2511, LR: 4.79e-07, Tokens: 287
2025-11-18 17:48:11,342 -   Scheduler step: 1134, Optimizer step count: 18150
2025-11-18 17:48:29,465 - Step 18200/236780 (7.7%), Loss: 0.2877, LR: 4.80e-07, Tokens: 281
2025-11-18 17:48:29,465 -   Scheduler step: 1137, Optimizer step count: 18200
2025-11-18 17:48:47,251 - ✓ New best validation loss: 0.260211
2025-11-18 17:48:51,513 - ✓ Checkpoint saved at step 18200
2025-11-18 17:49:09,766 - Step 18250/236780 (7.7%), Loss: 0.2504, LR: 4.81e-07, Tokens: 286
2025-11-18 17:49:09,766 -   Scheduler step: 1140, Optimizer step count: 18250
2025-11-18 17:49:27,894 - Step 18300/236780 (7.7%), Loss: 0.2635, LR: 4.83e-07, Tokens: 278
2025-11-18 17:49:27,894 -   Scheduler step: 1143, Optimizer step count: 18300
2025-11-18 17:49:45,356 - Validation loss at step 18300: 0.260517 (no improvement: 1/20)
2025-11-18 17:50:03,262 - Step 18350/236780 (7.7%), Loss: 0.2589, LR: 4.84e-07, Tokens: 314
2025-11-18 17:50:03,263 -   Scheduler step: 1146, Optimizer step count: 18350
2025-11-18 17:50:21,320 - Step 18400/236780 (7.8%), Loss: 0.2761, LR: 4.86e-07, Tokens: 272
2025-11-18 17:50:21,320 -   Scheduler step: 1150, Optimizer step count: 18400
2025-11-18 17:50:39,261 - Validation loss at step 18400: 0.260328 (no improvement: 2/20)
2025-11-18 17:50:43,532 - ✓ Checkpoint saved at step 18400
2025-11-18 17:51:01,640 - Step 18450/236780 (7.8%), Loss: 0.2765, LR: 4.87e-07, Tokens: 270
2025-11-18 17:51:01,640 -   Scheduler step: 1153, Optimizer step count: 18450
2025-11-18 17:51:19,656 - Step 18500/236780 (7.8%), Loss: 0.2600, LR: 4.88e-07, Tokens: 315
2025-11-18 17:51:19,656 -   Scheduler step: 1156, Optimizer step count: 18500
2025-11-18 17:51:37,429 - Validation loss at step 18500: 0.260401 (no improvement: 3/20)
2025-11-18 17:51:55,939 - Step 18550/236780 (7.8%), Loss: 0.2633, LR: 4.89e-07, Tokens: 267
2025-11-18 17:51:55,940 -   Scheduler step: 1159, Optimizer step count: 18550
2025-11-18 17:52:13,711 - Step 18600/236780 (7.9%), Loss: 0.2370, LR: 4.91e-07, Tokens: 293
2025-11-18 17:52:13,711 -   Scheduler step: 1162, Optimizer step count: 18600
2025-11-18 17:52:30,329 - ✓ New best validation loss: 0.259775
2025-11-18 17:52:34,237 - ✓ Checkpoint saved at step 18600
2025-11-18 17:52:52,020 - Step 18650/236780 (7.9%), Loss: 0.2232, LR: 4.92e-07, Tokens: 324
2025-11-18 17:52:52,020 -   Scheduler step: 1165, Optimizer step count: 18650
2025-11-18 17:53:11,990 - Step 18700/236780 (7.9%), Loss: 0.2618, LR: 4.93e-07, Tokens: 269
2025-11-18 17:53:11,990 -   Scheduler step: 1168, Optimizer step count: 18700
2025-11-18 17:53:29,702 - ✓ New best validation loss: 0.259413
2025-11-18 17:53:48,003 - Step 18750/236780 (7.9%), Loss: 0.2548, LR: 4.95e-07, Tokens: 289
2025-11-18 17:53:48,003 -   Scheduler step: 1171, Optimizer step count: 18750
2025-11-18 17:54:06,114 - Step 18800/236780 (7.9%), Loss: 0.2560, LR: 4.96e-07, Tokens: 281
2025-11-18 17:54:06,114 -   Scheduler step: 1175, Optimizer step count: 18800
2025-11-18 17:54:24,923 - ✓ New best validation loss: 0.259383
2025-11-18 17:54:31,468 - ✓ Checkpoint saved at step 18800
2025-11-18 17:54:50,557 - Step 18850/236780 (8.0%), Loss: 0.2689, LR: 4.98e-07, Tokens: 302
2025-11-18 17:54:50,557 -   Scheduler step: 1178, Optimizer step count: 18850
2025-11-18 17:55:08,725 - Step 18900/236780 (8.0%), Loss: 0.2820, LR: 4.99e-07, Tokens: 273
2025-11-18 17:55:08,726 -   Scheduler step: 1181, Optimizer step count: 18900
2025-11-18 17:55:25,871 - ✓ New best validation loss: 0.259213
2025-11-18 17:55:44,211 - Step 18950/236780 (8.0%), Loss: 0.2762, LR: 5.00e-07, Tokens: 274
2025-11-18 17:55:44,211 -   Scheduler step: 1184, Optimizer step count: 18950
2025-11-18 17:56:02,224 - Step 19000/236780 (8.0%), Loss: 0.2298, LR: 5.01e-07, Tokens: 308
2025-11-18 17:56:02,225 -   Scheduler step: 1187, Optimizer step count: 19000
2025-11-18 17:56:19,635 - ✓ New best validation loss: 0.259017
2025-11-18 17:56:23,923 - ✓ Checkpoint saved at step 19000
2025-11-18 17:56:42,004 - Step 19050/236780 (8.0%), Loss: 0.2388, LR: 5.03e-07, Tokens: 295
2025-11-18 17:56:42,005 -   Scheduler step: 1190, Optimizer step count: 19050
2025-11-18 17:57:00,035 - Step 19100/236780 (8.1%), Loss: 0.2629, LR: 5.04e-07, Tokens: 279
2025-11-18 17:57:00,035 -   Scheduler step: 1193, Optimizer step count: 19100
2025-11-18 17:57:17,046 - ✓ New best validation loss: 0.258945
2025-11-18 17:57:35,221 - Step 19150/236780 (8.1%), Loss: 0.2666, LR: 5.05e-07, Tokens: 269
2025-11-18 17:57:35,221 -   Scheduler step: 1196, Optimizer step count: 19150
2025-11-18 17:57:53,509 - Step 19200/236780 (8.1%), Loss: 0.2568, LR: 5.07e-07, Tokens: 294
2025-11-18 17:57:53,510 -   Scheduler step: 1200, Optimizer step count: 19200
2025-11-18 17:58:10,885 - Validation loss at step 19200: 0.258996 (no improvement: 1/20)
2025-11-18 17:58:15,227 - ✓ Checkpoint saved at step 19200
2025-11-18 17:58:33,327 - Step 19250/236780 (8.1%), Loss: 0.2608, LR: 5.08e-07, Tokens: 284
2025-11-18 17:58:33,327 -   Scheduler step: 1203, Optimizer step count: 19250
2025-11-18 17:58:51,306 - Step 19300/236780 (8.2%), Loss: 0.2591, LR: 5.09e-07, Tokens: 280
2025-11-18 17:58:51,306 -   Scheduler step: 1206, Optimizer step count: 19300
2025-11-18 17:59:08,312 - ✓ New best validation loss: 0.258861
2025-11-18 17:59:25,988 - Step 19350/236780 (8.2%), Loss: 0.2620, LR: 5.11e-07, Tokens: 265
2025-11-18 17:59:25,988 -   Scheduler step: 1209, Optimizer step count: 19350
2025-11-18 17:59:43,729 - Step 19400/236780 (8.2%), Loss: 0.2454, LR: 5.12e-07, Tokens: 275
2025-11-18 17:59:43,729 -   Scheduler step: 1212, Optimizer step count: 19400
2025-11-18 18:00:00,643 - ✓ New best validation loss: 0.258631
2025-11-18 18:00:04,547 - ✓ Checkpoint saved at step 19400
2025-11-18 18:00:22,588 - Step 19450/236780 (8.2%), Loss: 0.2640, LR: 5.13e-07, Tokens: 281
2025-11-18 18:00:22,589 -   Scheduler step: 1215, Optimizer step count: 19450
2025-11-18 18:00:40,535 - Step 19500/236780 (8.2%), Loss: 0.2567, LR: 5.14e-07, Tokens: 290
2025-11-18 18:00:40,536 -   Scheduler step: 1218, Optimizer step count: 19500
2025-11-18 18:00:57,998 - ✓ New best validation loss: 0.258492
2025-11-18 18:01:16,971 - Step 19550/236780 (8.3%), Loss: 0.2381, LR: 5.16e-07, Tokens: 302
2025-11-18 18:01:16,971 -   Scheduler step: 1221, Optimizer step count: 19550
2025-11-18 18:01:35,226 - Step 19600/236780 (8.3%), Loss: 0.2279, LR: 5.17e-07, Tokens: 298
2025-11-18 18:01:35,226 -   Scheduler step: 1225, Optimizer step count: 19600
2025-11-18 18:01:55,169 - Validation loss at step 19600: 0.258695 (no improvement: 1/20)
2025-11-18 18:01:59,437 - ✓ Checkpoint saved at step 19600
2025-11-18 18:02:17,988 - Step 19650/236780 (8.3%), Loss: 0.2451, LR: 5.19e-07, Tokens: 277
2025-11-18 18:02:17,988 -   Scheduler step: 1228, Optimizer step count: 19650
2025-11-18 18:02:36,849 - Step 19700/236780 (8.3%), Loss: 0.2862, LR: 5.20e-07, Tokens: 280
2025-11-18 18:02:36,849 -   Scheduler step: 1231, Optimizer step count: 19700
2025-11-18 18:02:58,108 - ✓ New best validation loss: 0.258355
2025-11-18 18:03:16,441 - Step 19750/236780 (8.3%), Loss: 0.2562, LR: 5.21e-07, Tokens: 291
2025-11-18 18:03:16,442 -   Scheduler step: 1234, Optimizer step count: 19750
2025-11-18 18:03:35,727 - Step 19800/236780 (8.4%), Loss: 0.2364, LR: 5.22e-07, Tokens: 298
2025-11-18 18:03:35,727 -   Scheduler step: 1237, Optimizer step count: 19800
2025-11-18 18:03:52,846 - ✓ New best validation loss: 0.257939
2025-11-18 18:03:57,160 - ✓ Checkpoint saved at step 19800
2025-11-18 18:04:15,376 - Step 19850/236780 (8.4%), Loss: 0.2681, LR: 5.24e-07, Tokens: 281
2025-11-18 18:04:15,376 -   Scheduler step: 1240, Optimizer step count: 19850
2025-11-18 18:04:33,354 - Step 19900/236780 (8.4%), Loss: 0.2460, LR: 5.25e-07, Tokens: 290
2025-11-18 18:04:33,354 -   Scheduler step: 1243, Optimizer step count: 19900
2025-11-18 18:04:50,910 - Validation loss at step 19900: 0.258318 (no improvement: 1/20)
2025-11-18 18:05:09,235 - Step 19950/236780 (8.4%), Loss: 0.2483, LR: 5.26e-07, Tokens: 302
2025-11-18 18:05:09,235 -   Scheduler step: 1246, Optimizer step count: 19950
2025-11-18 18:05:27,462 - Step 20000/236780 (8.4%), Loss: 0.2819, LR: 5.28e-07, Tokens: 277
2025-11-18 18:05:27,462 -   Scheduler step: 1250, Optimizer step count: 20000
2025-11-18 18:05:44,763 - Validation loss at step 20000: 0.258224 (no improvement: 2/20)
2025-11-18 18:05:49,257 - ✓ Checkpoint saved at step 20000
2025-11-18 18:06:08,184 - Step 20050/236780 (8.5%), Loss: 0.2632, LR: 5.29e-07, Tokens: 279
2025-11-18 18:06:08,185 -   Scheduler step: 1253, Optimizer step count: 20050
2025-11-18 18:06:26,237 - Step 20100/236780 (8.5%), Loss: 0.2743, LR: 5.30e-07, Tokens: 281
2025-11-18 18:06:26,237 -   Scheduler step: 1256, Optimizer step count: 20100
2025-11-18 18:06:43,266 - Validation loss at step 20100: 0.258092 (no improvement: 3/20)
2025-11-18 18:07:01,231 - Step 20150/236780 (8.5%), Loss: 0.2637, LR: 5.32e-07, Tokens: 283
2025-11-18 18:07:01,231 -   Scheduler step: 1259, Optimizer step count: 20150
2025-11-18 18:07:18,961 - Step 20200/236780 (8.5%), Loss: 0.2516, LR: 5.33e-07, Tokens: 283
2025-11-18 18:07:18,961 -   Scheduler step: 1262, Optimizer step count: 20200
2025-11-18 18:07:36,357 - Validation loss at step 20200: 0.258227 (no improvement: 4/20)
2025-11-18 18:07:40,721 - ✓ Checkpoint saved at step 20200
2025-11-18 18:07:58,751 - Step 20250/236780 (8.6%), Loss: 0.2749, LR: 5.34e-07, Tokens: 284
2025-11-18 18:07:58,751 -   Scheduler step: 1265, Optimizer step count: 20250
2025-11-18 18:08:17,082 - Step 20300/236780 (8.6%), Loss: 0.2665, LR: 5.36e-07, Tokens: 283
2025-11-18 18:08:17,083 -   Scheduler step: 1268, Optimizer step count: 20300
2025-11-18 18:08:34,353 - ✓ New best validation loss: 0.257776
2025-11-18 18:08:52,770 - Step 20350/236780 (8.6%), Loss: 0.2953, LR: 5.37e-07, Tokens: 262
2025-11-18 18:08:52,770 -   Scheduler step: 1271, Optimizer step count: 20350
2025-11-18 18:09:11,831 - Step 20400/236780 (8.6%), Loss: 0.2445, LR: 5.38e-07, Tokens: 307
2025-11-18 18:09:11,831 -   Scheduler step: 1275, Optimizer step count: 20400
2025-11-18 18:09:29,021 - ✓ New best validation loss: 0.257448
2025-11-18 18:09:33,466 - ✓ Checkpoint saved at step 20400
2025-11-18 18:09:51,813 - Step 20450/236780 (8.6%), Loss: 0.2847, LR: 5.40e-07, Tokens: 270
2025-11-18 18:09:51,814 -   Scheduler step: 1278, Optimizer step count: 20450
2025-11-18 18:10:11,067 - Step 20500/236780 (8.7%), Loss: 0.2626, LR: 5.41e-07, Tokens: 287
2025-11-18 18:10:11,067 -   Scheduler step: 1281, Optimizer step count: 20500
2025-11-18 18:10:28,384 - Validation loss at step 20500: 0.257478 (no improvement: 1/20)
2025-11-18 18:10:46,563 - Step 20550/236780 (8.7%), Loss: 0.2532, LR: 5.42e-07, Tokens: 272
2025-11-18 18:10:46,563 -   Scheduler step: 1284, Optimizer step count: 20550
2025-11-18 18:11:05,325 - Step 20600/236780 (8.7%), Loss: 0.2512, LR: 5.44e-07, Tokens: 282
2025-11-18 18:11:05,325 -   Scheduler step: 1287, Optimizer step count: 20600
2025-11-18 18:11:27,359 - ✓ New best validation loss: 0.257311
2025-11-18 18:11:31,564 - ✓ Checkpoint saved at step 20600
2025-11-18 18:11:50,316 - Step 20650/236780 (8.7%), Loss: 0.2877, LR: 5.45e-07, Tokens: 269
2025-11-18 18:11:50,316 -   Scheduler step: 1290, Optimizer step count: 20650
2025-11-18 18:12:08,340 - Step 20700/236780 (8.7%), Loss: 0.2742, LR: 5.46e-07, Tokens: 283
2025-11-18 18:12:08,341 -   Scheduler step: 1293, Optimizer step count: 20700
2025-11-18 18:12:31,425 - Validation loss at step 20700: 0.257481 (no improvement: 1/20)
2025-11-18 18:12:49,730 - Step 20750/236780 (8.8%), Loss: 0.2735, LR: 5.47e-07, Tokens: 283
2025-11-18 18:12:49,730 -   Scheduler step: 1296, Optimizer step count: 20750
2025-11-18 18:13:08,078 - Step 20800/236780 (8.8%), Loss: 0.2676, LR: 5.49e-07, Tokens: 283
2025-11-18 18:13:08,078 -   Scheduler step: 1300, Optimizer step count: 20800
2025-11-18 18:13:31,257 - Validation loss at step 20800: 0.257387 (no improvement: 2/20)
2025-11-18 18:13:35,408 - ✓ Checkpoint saved at step 20800
2025-11-18 18:13:53,619 - Step 20850/236780 (8.8%), Loss: 0.2535, LR: 5.50e-07, Tokens: 290
2025-11-18 18:13:53,619 -   Scheduler step: 1303, Optimizer step count: 20850
2025-11-18 18:14:11,532 - Step 20900/236780 (8.8%), Loss: 0.2303, LR: 5.52e-07, Tokens: 307
2025-11-18 18:14:11,532 -   Scheduler step: 1306, Optimizer step count: 20900
2025-11-18 18:14:35,816 - ✓ New best validation loss: 0.257132
2025-11-18 18:14:53,936 - Step 20950/236780 (8.8%), Loss: 0.2397, LR: 5.53e-07, Tokens: 281
2025-11-18 18:14:53,936 -   Scheduler step: 1309, Optimizer step count: 20950
2025-11-18 18:15:12,100 - Step 21000/236780 (8.9%), Loss: 0.2650, LR: 5.54e-07, Tokens: 280
2025-11-18 18:15:12,100 -   Scheduler step: 1312, Optimizer step count: 21000
2025-11-18 18:15:29,818 - ✓ New best validation loss: 0.256926
2025-11-18 18:15:34,234 - ✓ Checkpoint saved at step 21000
2025-11-18 18:15:52,579 - Step 21050/236780 (8.9%), Loss: 0.2645, LR: 5.55e-07, Tokens: 273
2025-11-18 18:15:52,579 -   Scheduler step: 1315, Optimizer step count: 21050
2025-11-18 18:16:10,616 - Step 21100/236780 (8.9%), Loss: 0.2393, LR: 5.57e-07, Tokens: 302
2025-11-18 18:16:10,617 -   Scheduler step: 1318, Optimizer step count: 21100
2025-11-18 18:16:30,953 - Validation loss at step 21100: 0.257342 (no improvement: 1/20)
2025-11-18 18:16:49,502 - Step 21150/236780 (8.9%), Loss: 0.2478, LR: 5.58e-07, Tokens: 280
2025-11-18 18:16:49,502 -   Scheduler step: 1321, Optimizer step count: 21150
2025-11-18 18:17:07,689 - Step 21200/236780 (9.0%), Loss: 0.2714, LR: 5.60e-07, Tokens: 278
2025-11-18 18:17:07,689 -   Scheduler step: 1325, Optimizer step count: 21200
2025-11-18 18:17:24,757 - Validation loss at step 21200: 0.257046 (no improvement: 2/20)
2025-11-18 18:17:28,812 - ✓ Checkpoint saved at step 21200
2025-11-18 18:17:47,413 - Step 21250/236780 (9.0%), Loss: 0.2400, LR: 5.61e-07, Tokens: 288
2025-11-18 18:17:47,413 -   Scheduler step: 1328, Optimizer step count: 21250
2025-11-18 18:18:06,128 - Step 21300/236780 (9.0%), Loss: 0.2392, LR: 5.62e-07, Tokens: 297
2025-11-18 18:18:06,129 -   Scheduler step: 1331, Optimizer step count: 21300
2025-11-18 18:18:23,340 - ✓ New best validation loss: 0.256921
2025-11-18 18:18:41,672 - Step 21350/236780 (9.0%), Loss: 0.2471, LR: 5.63e-07, Tokens: 284
2025-11-18 18:18:41,672 -   Scheduler step: 1334, Optimizer step count: 21350
2025-11-18 18:19:00,052 - Step 21400/236780 (9.0%), Loss: 0.2547, LR: 5.65e-07, Tokens: 274
2025-11-18 18:19:00,052 -   Scheduler step: 1337, Optimizer step count: 21400
2025-11-18 18:19:17,441 - ✓ New best validation loss: 0.256554
2025-11-18 18:19:21,686 - ✓ Checkpoint saved at step 21400
2025-11-18 18:19:40,523 - Step 21450/236780 (9.1%), Loss: 0.2551, LR: 5.66e-07, Tokens: 284
2025-11-18 18:19:40,524 -   Scheduler step: 1340, Optimizer step count: 21450
2025-11-18 18:19:58,851 - Step 21500/236780 (9.1%), Loss: 0.2399, LR: 5.67e-07, Tokens: 275
2025-11-18 18:19:58,851 -   Scheduler step: 1343, Optimizer step count: 21500
2025-11-18 18:20:21,496 - Validation loss at step 21500: 0.256599 (no improvement: 1/20)
2025-11-18 18:20:39,970 - Step 21550/236780 (9.1%), Loss: 0.2371, LR: 5.68e-07, Tokens: 303
2025-11-18 18:20:39,971 -   Scheduler step: 1346, Optimizer step count: 21550
2025-11-18 18:20:58,978 - Step 21600/236780 (9.1%), Loss: 0.2635, LR: 5.70e-07, Tokens: 292
2025-11-18 18:20:58,979 -   Scheduler step: 1350, Optimizer step count: 21600
2025-11-18 18:21:21,062 - Validation loss at step 21600: 0.256674 (no improvement: 2/20)
2025-11-18 18:21:25,001 - ✓ Checkpoint saved at step 21600
2025-11-18 18:21:43,226 - Step 21650/236780 (9.1%), Loss: 0.3010, LR: 5.71e-07, Tokens: 279
2025-11-18 18:21:43,226 -   Scheduler step: 1353, Optimizer step count: 21650
2025-11-18 18:22:01,423 - Step 21700/236780 (9.2%), Loss: 0.2531, LR: 5.73e-07, Tokens: 299
2025-11-18 18:22:01,423 -   Scheduler step: 1356, Optimizer step count: 21700
2025-11-18 18:22:22,240 - ✓ New best validation loss: 0.256342
2025-11-18 18:22:40,937 - Step 21750/236780 (9.2%), Loss: 0.2551, LR: 5.74e-07, Tokens: 277
2025-11-18 18:22:40,938 -   Scheduler step: 1359, Optimizer step count: 21750
2025-11-18 18:22:59,854 - Step 21800/236780 (9.2%), Loss: 0.2620, LR: 5.75e-07, Tokens: 272
2025-11-18 18:22:59,854 -   Scheduler step: 1362, Optimizer step count: 21800
2025-11-18 18:23:22,420 - Validation loss at step 21800: 0.257091 (no improvement: 1/20)
2025-11-18 18:23:26,758 - ✓ Checkpoint saved at step 21800
2025-11-18 18:23:45,028 - Step 21850/236780 (9.2%), Loss: 0.2278, LR: 5.76e-07, Tokens: 299
2025-11-18 18:23:45,028 -   Scheduler step: 1365, Optimizer step count: 21850
2025-11-18 18:24:03,760 - Step 21900/236780 (9.2%), Loss: 0.2666, LR: 5.78e-07, Tokens: 278
2025-11-18 18:24:03,760 -   Scheduler step: 1368, Optimizer step count: 21900
2025-11-18 18:24:26,518 - Validation loss at step 21900: 0.256566 (no improvement: 2/20)
2025-11-18 18:24:44,879 - Step 21950/236780 (9.3%), Loss: 0.2689, LR: 5.79e-07, Tokens: 275
2025-11-18 18:24:44,880 -   Scheduler step: 1371, Optimizer step count: 21950
2025-11-18 18:25:03,587 - Step 22000/236780 (9.3%), Loss: 0.2480, LR: 5.81e-07, Tokens: 298
2025-11-18 18:25:03,591 -   Scheduler step: 1375, Optimizer step count: 22000
2025-11-18 18:25:25,920 - Validation loss at step 22000: 0.256614 (no improvement: 3/20)
2025-11-18 18:25:30,136 - ✓ Checkpoint saved at step 22000
2025-11-18 18:25:48,577 - Step 22050/236780 (9.3%), Loss: 0.2520, LR: 5.82e-07, Tokens: 282
2025-11-18 18:25:48,577 -   Scheduler step: 1378, Optimizer step count: 22050
2025-11-18 18:26:06,885 - Step 22100/236780 (9.3%), Loss: 0.2594, LR: 5.83e-07, Tokens: 283
2025-11-18 18:26:06,885 -   Scheduler step: 1381, Optimizer step count: 22100
2025-11-18 18:26:28,822 - Validation loss at step 22100: 0.257079 (no improvement: 4/20)
2025-11-18 18:26:47,597 - Step 22150/236780 (9.4%), Loss: 0.2623, LR: 5.85e-07, Tokens: 279
2025-11-18 18:26:47,598 -   Scheduler step: 1384, Optimizer step count: 22150
2025-11-18 18:27:06,120 - Step 22200/236780 (9.4%), Loss: 0.2576, LR: 5.86e-07, Tokens: 302
2025-11-18 18:27:06,121 -   Scheduler step: 1387, Optimizer step count: 22200
2025-11-18 18:27:27,662 - Validation loss at step 22200: 0.256567 (no improvement: 5/20)
2025-11-18 18:27:31,939 - ✓ Checkpoint saved at step 22200
2025-11-18 18:27:50,433 - Step 22250/236780 (9.4%), Loss: 0.2277, LR: 5.87e-07, Tokens: 300
2025-11-18 18:27:50,433 -   Scheduler step: 1390, Optimizer step count: 22250
2025-11-18 18:28:08,778 - Step 22300/236780 (9.4%), Loss: 0.2698, LR: 5.88e-07, Tokens: 280
2025-11-18 18:28:08,779 -   Scheduler step: 1393, Optimizer step count: 22300
2025-11-18 18:28:30,383 - Validation loss at step 22300: 0.256571 (no improvement: 6/20)
2025-11-18 18:28:48,822 - Step 22350/236780 (9.4%), Loss: 0.2310, LR: 5.90e-07, Tokens: 295
2025-11-18 18:28:48,823 -   Scheduler step: 1396, Optimizer step count: 22350
2025-11-18 18:29:07,071 - Step 22400/236780 (9.5%), Loss: 0.2927, LR: 5.91e-07, Tokens: 274
2025-11-18 18:29:07,072 -   Scheduler step: 1400, Optimizer step count: 22400
2025-11-18 18:29:28,875 - Validation loss at step 22400: 0.256353 (no improvement: 7/20)
2025-11-18 18:29:33,251 - ✓ Checkpoint saved at step 22400
2025-11-18 18:29:51,636 - Step 22450/236780 (9.5%), Loss: 0.2286, LR: 5.93e-07, Tokens: 302
2025-11-18 18:29:51,636 -   Scheduler step: 1403, Optimizer step count: 22450
2025-11-18 18:30:09,610 - Step 22500/236780 (9.5%), Loss: 0.2417, LR: 5.94e-07, Tokens: 303
2025-11-18 18:30:09,610 -   Scheduler step: 1406, Optimizer step count: 22500
2025-11-18 18:30:29,946 - Validation loss at step 22500: 0.256431 (no improvement: 8/20)
2025-11-18 18:30:47,772 - Step 22550/236780 (9.5%), Loss: 0.2513, LR: 5.95e-07, Tokens: 281
2025-11-18 18:30:47,773 -   Scheduler step: 1409, Optimizer step count: 22550
2025-11-18 18:31:05,781 - Step 22600/236780 (9.5%), Loss: 0.2319, LR: 5.96e-07, Tokens: 298
2025-11-18 18:31:05,781 -   Scheduler step: 1412, Optimizer step count: 22600
2025-11-18 18:31:22,877 - Validation loss at step 22600: 0.256515 (no improvement: 9/20)
2025-11-18 18:31:27,340 - ✓ Checkpoint saved at step 22600
2025-11-18 18:31:45,733 - Step 22650/236780 (9.6%), Loss: 0.2646, LR: 5.98e-07, Tokens: 284
2025-11-18 18:31:45,733 -   Scheduler step: 1415, Optimizer step count: 22650
2025-11-18 18:32:03,890 - Step 22700/236780 (9.6%), Loss: 0.2382, LR: 5.99e-07, Tokens: 306
2025-11-18 18:32:03,890 -   Scheduler step: 1418, Optimizer step count: 22700
2025-11-18 18:32:21,239 - Validation loss at step 22700: 0.256788 (no improvement: 10/20)
2025-11-18 18:32:40,320 - Step 22750/236780 (9.6%), Loss: 0.2425, LR: 6.00e-07, Tokens: 299
2025-11-18 18:32:40,320 -   Scheduler step: 1421, Optimizer step count: 22750
2025-11-18 18:32:58,434 - Step 22800/236780 (9.6%), Loss: 0.2726, LR: 6.02e-07, Tokens: 283
2025-11-18 18:32:58,434 -   Scheduler step: 1425, Optimizer step count: 22800
2025-11-18 18:33:15,308 - Validation loss at step 22800: 0.256720 (no improvement: 11/20)
2025-11-18 18:33:19,840 - ✓ Checkpoint saved at step 22800
2025-11-18 18:33:38,035 - Step 22850/236780 (9.7%), Loss: 0.2665, LR: 6.03e-07, Tokens: 279
2025-11-18 18:33:38,035 -   Scheduler step: 1428, Optimizer step count: 22850
2025-11-18 18:33:56,168 - Step 22900/236780 (9.7%), Loss: 0.2388, LR: 6.04e-07, Tokens: 294
2025-11-18 18:33:56,169 -   Scheduler step: 1431, Optimizer step count: 22900
2025-11-18 18:34:13,215 - Validation loss at step 22900: 0.256542 (no improvement: 12/20)
2025-11-18 18:34:31,386 - Step 22950/236780 (9.7%), Loss: 0.2409, LR: 6.06e-07, Tokens: 286
2025-11-18 18:34:31,386 -   Scheduler step: 1434, Optimizer step count: 22950
2025-11-18 18:34:49,577 - Step 23000/236780 (9.7%), Loss: 0.2477, LR: 6.07e-07, Tokens: 290
2025-11-18 18:34:49,577 -   Scheduler step: 1437, Optimizer step count: 23000
2025-11-18 18:35:06,559 - Validation loss at step 23000: 0.256827 (no improvement: 13/20)
2025-11-18 18:35:10,820 - ✓ Checkpoint saved at step 23000
2025-11-18 18:35:29,781 - Step 23050/236780 (9.7%), Loss: 0.2397, LR: 6.08e-07, Tokens: 296
2025-11-18 18:35:29,782 -   Scheduler step: 1440, Optimizer step count: 23050
2025-11-18 18:35:48,627 - Step 23100/236780 (9.8%), Loss: 0.2478, LR: 6.09e-07, Tokens: 287
2025-11-18 18:35:48,627 -   Scheduler step: 1443, Optimizer step count: 23100
2025-11-18 18:36:05,748 - Validation loss at step 23100: 0.256523 (no improvement: 14/20)
2025-11-18 18:36:23,956 - Step 23150/236780 (9.8%), Loss: 0.2507, LR: 6.11e-07, Tokens: 305
2025-11-18 18:36:23,956 -   Scheduler step: 1446, Optimizer step count: 23150
2025-11-18 18:36:42,097 - Step 23200/236780 (9.8%), Loss: 0.2482, LR: 6.12e-07, Tokens: 285
2025-11-18 18:36:42,097 -   Scheduler step: 1450, Optimizer step count: 23200
2025-11-18 18:36:59,003 - ✓ New best validation loss: 0.256304
2025-11-18 18:37:03,360 - ✓ Checkpoint saved at step 23200
2025-11-18 18:37:21,383 - Step 23250/236780 (9.8%), Loss: 0.2602, LR: 6.14e-07, Tokens: 287
2025-11-18 18:37:21,383 -   Scheduler step: 1453, Optimizer step count: 23250
2025-11-18 18:37:39,166 - Step 23300/236780 (9.8%), Loss: 0.2466, LR: 6.15e-07, Tokens: 309
2025-11-18 18:37:39,167 -   Scheduler step: 1456, Optimizer step count: 23300
2025-11-18 18:37:55,967 - Validation loss at step 23300: 0.256347 (no improvement: 1/20)
2025-11-18 18:38:14,382 - Step 23350/236780 (9.9%), Loss: 0.2622, LR: 6.16e-07, Tokens: 270
2025-11-18 18:38:14,383 -   Scheduler step: 1459, Optimizer step count: 23350
2025-11-18 18:38:32,619 - Step 23400/236780 (9.9%), Loss: 0.2415, LR: 6.17e-07, Tokens: 307
2025-11-18 18:38:32,620 -   Scheduler step: 1462, Optimizer step count: 23400
2025-11-18 18:38:50,079 - Validation loss at step 23400: 0.256439 (no improvement: 2/20)
2025-11-18 18:38:54,552 - ✓ Checkpoint saved at step 23400
2025-11-18 18:39:12,743 - Step 23450/236780 (9.9%), Loss: 0.2344, LR: 6.19e-07, Tokens: 312
2025-11-18 18:39:12,744 -   Scheduler step: 1465, Optimizer step count: 23450
2025-11-18 18:39:31,432 - Step 23500/236780 (9.9%), Loss: 0.2520, LR: 6.20e-07, Tokens: 286
2025-11-18 18:39:31,433 -   Scheduler step: 1468, Optimizer step count: 23500
2025-11-18 18:39:50,263 - Validation loss at step 23500: 0.256320 (no improvement: 3/20)
2025-11-18 18:40:08,607 - Step 23550/236780 (9.9%), Loss: 0.2548, LR: 6.21e-07, Tokens: 285
2025-11-18 18:40:08,607 -   Scheduler step: 1471, Optimizer step count: 23550
2025-11-18 18:40:27,414 - Step 23600/236780 (10.0%), Loss: 0.2600, LR: 6.23e-07, Tokens: 282
2025-11-18 18:40:27,414 -   Scheduler step: 1475, Optimizer step count: 23600
2025-11-18 18:40:44,510 - ✓ New best validation loss: 0.256062
2025-11-18 18:40:48,786 - ✓ Checkpoint saved at step 23600
2025-11-18 18:41:06,962 - Step 23650/236780 (10.0%), Loss: 0.2628, LR: 6.24e-07, Tokens: 270
2025-11-18 18:41:06,962 -   Scheduler step: 1478, Optimizer step count: 23650
2025-11-18 18:41:25,069 - Step 23700/236780 (10.0%), Loss: 0.2555, LR: 6.25e-07, Tokens: 270
2025-11-18 18:41:25,069 -   Scheduler step: 1481, Optimizer step count: 23700
2025-11-18 18:41:42,095 - ✓ New best validation loss: 0.255986
2025-11-18 18:42:00,567 - Step 23750/236780 (10.0%), Loss: 0.2754, LR: 6.27e-07, Tokens: 281
2025-11-18 18:42:00,567 -   Scheduler step: 1484, Optimizer step count: 23750
2025-11-18 18:42:18,673 - Step 23800/236780 (10.1%), Loss: 0.2403, LR: 6.28e-07, Tokens: 302
2025-11-18 18:42:18,673 -   Scheduler step: 1487, Optimizer step count: 23800
2025-11-18 18:42:35,820 - Validation loss at step 23800: 0.256006 (no improvement: 1/20)
2025-11-18 18:42:40,162 - ✓ Checkpoint saved at step 23800
2025-11-18 18:42:59,002 - Step 23850/236780 (10.1%), Loss: 0.2357, LR: 6.29e-07, Tokens: 301
2025-11-18 18:42:59,002 -   Scheduler step: 1490, Optimizer step count: 23850
2025-11-18 18:43:17,149 - Step 23900/236780 (10.1%), Loss: 0.2787, LR: 6.31e-07, Tokens: 275
2025-11-18 18:43:17,149 -   Scheduler step: 1493, Optimizer step count: 23900
2025-11-18 18:43:34,183 - ✓ New best validation loss: 0.255911
2025-11-18 18:43:52,364 - Step 23950/236780 (10.1%), Loss: 0.2436, LR: 6.32e-07, Tokens: 297
2025-11-18 18:43:52,364 -   Scheduler step: 1496, Optimizer step count: 23950
2025-11-18 18:44:10,824 - Step 24000/236780 (10.1%), Loss: 0.2571, LR: 6.33e-07, Tokens: 277
2025-11-18 18:44:10,824 -   Scheduler step: 1500, Optimizer step count: 24000
2025-11-18 18:44:27,668 - ✓ New best validation loss: 0.255730
2025-11-18 18:44:31,554 - ✓ Checkpoint saved at step 24000
2025-11-18 18:44:50,503 - Step 24050/236780 (10.2%), Loss: 0.2472, LR: 6.35e-07, Tokens: 287
2025-11-18 18:44:50,504 -   Scheduler step: 1503, Optimizer step count: 24050
2025-11-18 18:45:08,491 - Step 24100/236780 (10.2%), Loss: 0.2428, LR: 6.36e-07, Tokens: 280
2025-11-18 18:45:08,491 -   Scheduler step: 1506, Optimizer step count: 24100
2025-11-18 18:45:25,297 - Validation loss at step 24100: 0.256014 (no improvement: 1/20)
2025-11-18 18:45:44,013 - Step 24150/236780 (10.2%), Loss: 0.2798, LR: 6.37e-07, Tokens: 275
2025-11-18 18:45:44,014 -   Scheduler step: 1509, Optimizer step count: 24150
2025-11-18 18:46:02,152 - Step 24200/236780 (10.2%), Loss: 0.2743, LR: 6.39e-07, Tokens: 276
2025-11-18 18:46:02,152 -   Scheduler step: 1512, Optimizer step count: 24200
2025-11-18 18:46:19,164 - Validation loss at step 24200: 0.256030 (no improvement: 2/20)
2025-11-18 18:46:23,602 - ✓ Checkpoint saved at step 24200
2025-11-18 18:46:41,981 - Step 24250/236780 (10.2%), Loss: 0.2382, LR: 6.40e-07, Tokens: 285
2025-11-18 18:46:41,981 -   Scheduler step: 1515, Optimizer step count: 24250
2025-11-18 18:47:01,044 - Step 24300/236780 (10.3%), Loss: 0.2635, LR: 6.41e-07, Tokens: 278
2025-11-18 18:47:01,044 -   Scheduler step: 1518, Optimizer step count: 24300
2025-11-18 18:47:17,999 - Validation loss at step 24300: 0.255990 (no improvement: 3/20)
2025-11-18 18:47:36,412 - Step 24350/236780 (10.3%), Loss: 0.2377, LR: 6.42e-07, Tokens: 322
2025-11-18 18:47:36,413 -   Scheduler step: 1521, Optimizer step count: 24350
2025-11-18 18:47:54,813 - Step 24400/236780 (10.3%), Loss: 0.2365, LR: 6.44e-07, Tokens: 300
2025-11-18 18:47:54,813 -   Scheduler step: 1525, Optimizer step count: 24400
2025-11-18 18:48:11,885 - Validation loss at step 24400: 0.256149 (no improvement: 4/20)
2025-11-18 18:48:16,183 - ✓ Checkpoint saved at step 24400
2025-11-18 18:48:34,365 - Step 24450/236780 (10.3%), Loss: 0.2740, LR: 6.45e-07, Tokens: 281
2025-11-18 18:48:34,365 -   Scheduler step: 1528, Optimizer step count: 24450
2025-11-18 18:48:52,570 - Step 24500/236780 (10.3%), Loss: 0.2201, LR: 6.47e-07, Tokens: 301
2025-11-18 18:48:52,570 -   Scheduler step: 1531, Optimizer step count: 24500
2025-11-18 18:49:10,079 - Validation loss at step 24500: 0.255785 (no improvement: 5/20)
2025-11-18 18:49:28,650 - Step 24550/236780 (10.4%), Loss: 0.2754, LR: 6.48e-07, Tokens: 274
2025-11-18 18:49:28,650 -   Scheduler step: 1534, Optimizer step count: 24550
2025-11-18 18:49:46,927 - Step 24600/236780 (10.4%), Loss: 0.2314, LR: 6.49e-07, Tokens: 289
2025-11-18 18:49:46,927 -   Scheduler step: 1537, Optimizer step count: 24600
2025-11-18 18:50:03,820 - Validation loss at step 24600: 0.255813 (no improvement: 6/20)
2025-11-18 18:50:08,171 - ✓ Checkpoint saved at step 24600
2025-11-18 18:50:26,503 - Step 24650/236780 (10.4%), Loss: 0.2719, LR: 6.50e-07, Tokens: 275
2025-11-18 18:50:26,503 -   Scheduler step: 1540, Optimizer step count: 24650
2025-11-18 18:50:44,683 - Step 24700/236780 (10.4%), Loss: 0.2388, LR: 6.52e-07, Tokens: 295
2025-11-18 18:50:44,683 -   Scheduler step: 1543, Optimizer step count: 24700
2025-11-18 18:51:01,682 - Validation loss at step 24700: 0.256175 (no improvement: 7/20)
2025-11-18 18:51:19,930 - Step 24750/236780 (10.5%), Loss: 0.2619, LR: 6.53e-07, Tokens: 275
2025-11-18 18:51:19,930 -   Scheduler step: 1546, Optimizer step count: 24750
2025-11-18 18:51:38,412 - Step 24800/236780 (10.5%), Loss: 0.2601, LR: 6.55e-07, Tokens: 277
2025-11-18 18:51:38,413 -   Scheduler step: 1550, Optimizer step count: 24800
2025-11-18 18:51:55,423 - Validation loss at step 24800: 0.256127 (no improvement: 8/20)
2025-11-18 18:51:59,366 - ✓ Checkpoint saved at step 24800
2025-11-18 18:52:17,345 - Step 24850/236780 (10.5%), Loss: 0.2387, LR: 6.56e-07, Tokens: 301
2025-11-18 18:52:17,345 -   Scheduler step: 1553, Optimizer step count: 24850
2025-11-18 18:52:35,224 - Step 24900/236780 (10.5%), Loss: 0.2573, LR: 6.57e-07, Tokens: 285
2025-11-18 18:52:35,224 -   Scheduler step: 1556, Optimizer step count: 24900
2025-11-18 18:52:53,062 - ✓ New best validation loss: 0.255634
2025-11-18 18:53:11,255 - Step 24950/236780 (10.5%), Loss: 0.2738, LR: 6.58e-07, Tokens: 278
2025-11-18 18:53:11,255 -   Scheduler step: 1559, Optimizer step count: 24950
2025-11-18 18:53:29,342 - Step 25000/236780 (10.6%), Loss: 0.2431, LR: 6.60e-07, Tokens: 285
2025-11-18 18:53:29,342 -   Scheduler step: 1562, Optimizer step count: 25000
2025-11-18 18:53:46,482 - Validation loss at step 25000: 0.255756 (no improvement: 1/20)
2025-11-18 18:53:50,777 - ✓ Checkpoint saved at step 25000
2025-11-18 18:54:09,561 - Step 25050/236780 (10.6%), Loss: 0.2457, LR: 6.61e-07, Tokens: 284
2025-11-18 18:54:09,561 -   Scheduler step: 1565, Optimizer step count: 25050
2025-11-18 18:54:28,352 - Step 25100/236780 (10.6%), Loss: 0.2955, LR: 6.62e-07, Tokens: 298
2025-11-18 18:54:28,352 -   Scheduler step: 1568, Optimizer step count: 25100
2025-11-18 18:54:45,345 - Validation loss at step 25100: 0.256408 (no improvement: 2/20)
2025-11-18 18:55:03,614 - Step 25150/236780 (10.6%), Loss: 0.2523, LR: 6.63e-07, Tokens: 283
2025-11-18 18:55:03,615 -   Scheduler step: 1571, Optimizer step count: 25150
2025-11-18 18:55:22,187 - Step 25200/236780 (10.6%), Loss: 0.2447, LR: 6.65e-07, Tokens: 295
2025-11-18 18:55:22,188 -   Scheduler step: 1575, Optimizer step count: 25200
2025-11-18 18:55:39,151 - Validation loss at step 25200: 0.255888 (no improvement: 3/20)
2025-11-18 18:55:43,521 - ✓ Checkpoint saved at step 25200
2025-11-18 18:56:02,049 - Step 25250/236780 (10.7%), Loss: 0.2556, LR: 6.66e-07, Tokens: 278
2025-11-18 18:56:02,049 -   Scheduler step: 1578, Optimizer step count: 25250
2025-11-18 18:56:20,538 - Step 25300/236780 (10.7%), Loss: 0.2592, LR: 6.68e-07, Tokens: 280
2025-11-18 18:56:20,538 -   Scheduler step: 1581, Optimizer step count: 25300
2025-11-18 18:56:37,601 - Validation loss at step 25300: 0.256260 (no improvement: 4/20)
2025-11-18 18:56:55,861 - Step 25350/236780 (10.7%), Loss: 0.2792, LR: 6.69e-07, Tokens: 272
2025-11-18 18:56:55,861 -   Scheduler step: 1584, Optimizer step count: 25350
2025-11-18 18:57:14,072 - Step 25400/236780 (10.7%), Loss: 0.2439, LR: 6.70e-07, Tokens: 281
2025-11-18 18:57:14,072 -   Scheduler step: 1587, Optimizer step count: 25400
2025-11-18 18:57:31,010 - Validation loss at step 25400: 0.256084 (no improvement: 5/20)
2025-11-18 18:57:35,336 - ✓ Checkpoint saved at step 25400
2025-11-18 18:57:53,642 - Step 25450/236780 (10.7%), Loss: 0.2472, LR: 6.72e-07, Tokens: 296
2025-11-18 18:57:53,643 -   Scheduler step: 1590, Optimizer step count: 25450
2025-11-18 18:58:11,817 - Step 25500/236780 (10.8%), Loss: 0.2626, LR: 6.73e-07, Tokens: 271
2025-11-18 18:58:11,817 -   Scheduler step: 1593, Optimizer step count: 25500
2025-11-18 18:58:28,920 - Validation loss at step 25500: 0.255982 (no improvement: 6/20)
2025-11-18 18:58:47,118 - Step 25550/236780 (10.8%), Loss: 0.2564, LR: 6.74e-07, Tokens: 288
2025-11-18 18:58:47,118 -   Scheduler step: 1596, Optimizer step count: 25550
2025-11-18 18:59:05,163 - Step 25600/236780 (10.8%), Loss: 0.2822, LR: 6.76e-07, Tokens: 285
2025-11-18 18:59:05,163 -   Scheduler step: 1600, Optimizer step count: 25600
2025-11-18 18:59:22,296 - Validation loss at step 25600: 0.255815 (no improvement: 7/20)
2025-11-18 18:59:26,241 - ✓ Checkpoint saved at step 25600
2025-11-18 18:59:44,063 - Step 25650/236780 (10.8%), Loss: 0.2704, LR: 6.77e-07, Tokens: 273
2025-11-18 18:59:44,063 -   Scheduler step: 1603, Optimizer step count: 25650
2025-11-18 19:00:02,652 - Step 25700/236780 (10.9%), Loss: 0.2400, LR: 6.78e-07, Tokens: 295
2025-11-18 19:00:02,652 -   Scheduler step: 1606, Optimizer step count: 25700
2025-11-18 19:00:19,831 - Validation loss at step 25700: 0.255880 (no improvement: 8/20)
2025-11-18 19:00:37,958 - Step 25750/236780 (10.9%), Loss: 0.2268, LR: 6.80e-07, Tokens: 302
2025-11-18 19:00:37,959 -   Scheduler step: 1609, Optimizer step count: 25750
2025-11-18 19:00:55,989 - Step 25800/236780 (10.9%), Loss: 0.3015, LR: 6.81e-07, Tokens: 261
2025-11-18 19:00:55,989 -   Scheduler step: 1612, Optimizer step count: 25800
2025-11-18 19:01:13,748 - ✓ New best validation loss: 0.255631
2025-11-18 19:01:20,042 - ✓ Checkpoint saved at step 25800
2025-11-18 19:01:39,902 - Step 25850/236780 (10.9%), Loss: 0.2748, LR: 6.82e-07, Tokens: 280
2025-11-18 19:01:39,902 -   Scheduler step: 1615, Optimizer step count: 25850
2025-11-18 19:01:57,938 - Step 25900/236780 (10.9%), Loss: 0.2309, LR: 6.83e-07, Tokens: 282
2025-11-18 19:01:57,938 -   Scheduler step: 1618, Optimizer step count: 25900
2025-11-18 19:02:15,022 - Validation loss at step 25900: 0.255919 (no improvement: 1/20)
2025-11-18 19:02:33,274 - Step 25950/236780 (11.0%), Loss: 0.2437, LR: 6.85e-07, Tokens: 288
2025-11-18 19:02:33,275 -   Scheduler step: 1621, Optimizer step count: 25950
2025-11-18 19:02:51,619 - Step 26000/236780 (11.0%), Loss: 0.2559, LR: 6.86e-07, Tokens: 304
2025-11-18 19:02:51,619 -   Scheduler step: 1625, Optimizer step count: 26000
2025-11-18 19:03:09,047 - Validation loss at step 26000: 0.255729 (no improvement: 2/20)
2025-11-18 19:03:13,323 - ✓ Checkpoint saved at step 26000
2025-11-18 19:03:31,962 - Step 26050/236780 (11.0%), Loss: 0.2503, LR: 6.88e-07, Tokens: 281
2025-11-18 19:03:31,962 -   Scheduler step: 1628, Optimizer step count: 26050
2025-11-18 19:03:50,189 - Step 26100/236780 (11.0%), Loss: 0.2769, LR: 6.89e-07, Tokens: 272
2025-11-18 19:03:50,189 -   Scheduler step: 1631, Optimizer step count: 26100
2025-11-18 19:04:07,249 - Validation loss at step 26100: 0.255987 (no improvement: 3/20)
2025-11-18 19:04:25,509 - Step 26150/236780 (11.0%), Loss: 0.3026, LR: 6.90e-07, Tokens: 253
2025-11-18 19:04:25,510 -   Scheduler step: 1634, Optimizer step count: 26150
2025-11-18 19:04:44,251 - Step 26200/236780 (11.1%), Loss: 0.2332, LR: 6.91e-07, Tokens: 298
2025-11-18 19:04:44,252 -   Scheduler step: 1637, Optimizer step count: 26200
2025-11-18 19:05:01,447 - ✓ New best validation loss: 0.255391
2025-11-18 19:05:05,911 - ✓ Checkpoint saved at step 26200
2025-11-18 19:05:24,444 - Step 26250/236780 (11.1%), Loss: 0.2628, LR: 6.93e-07, Tokens: 281
2025-11-18 19:05:24,444 -   Scheduler step: 1640, Optimizer step count: 26250
2025-11-18 19:05:42,615 - Step 26300/236780 (11.1%), Loss: 0.2932, LR: 6.94e-07, Tokens: 276
2025-11-18 19:05:42,615 -   Scheduler step: 1643, Optimizer step count: 26300
2025-11-18 19:05:59,630 - Validation loss at step 26300: 0.255614 (no improvement: 1/20)
2025-11-18 19:06:18,351 - Step 26350/236780 (11.1%), Loss: 0.2316, LR: 6.95e-07, Tokens: 298
2025-11-18 19:06:18,351 -   Scheduler step: 1646, Optimizer step count: 26350
2025-11-18 19:06:36,185 - Step 26400/236780 (11.1%), Loss: 0.2639, LR: 6.97e-07, Tokens: 275
2025-11-18 19:06:36,185 -   Scheduler step: 1650, Optimizer step count: 26400
2025-11-18 19:06:52,965 - ✓ New best validation loss: 0.255258
2025-11-18 19:06:56,879 - ✓ Checkpoint saved at step 26400
2025-11-18 19:07:15,113 - Step 26450/236780 (11.2%), Loss: 0.2241, LR: 6.98e-07, Tokens: 302
2025-11-18 19:07:15,113 -   Scheduler step: 1653, Optimizer step count: 26450
2025-11-18 19:07:33,227 - Step 26500/236780 (11.2%), Loss: 0.2704, LR: 6.99e-07, Tokens: 269
2025-11-18 19:07:33,227 -   Scheduler step: 1656, Optimizer step count: 26500
2025-11-18 19:07:50,314 - Validation loss at step 26500: 0.255569 (no improvement: 1/20)
2025-11-18 19:08:08,562 - Step 26550/236780 (11.2%), Loss: 0.2457, LR: 7.01e-07, Tokens: 282
2025-11-18 19:08:08,563 -   Scheduler step: 1659, Optimizer step count: 26550
2025-11-18 19:08:26,756 - Step 26600/236780 (11.2%), Loss: 0.2673, LR: 7.02e-07, Tokens: 284
2025-11-18 19:08:26,756 -   Scheduler step: 1662, Optimizer step count: 26600
2025-11-18 19:08:45,966 - Validation loss at step 26600: 0.255439 (no improvement: 2/20)
2025-11-18 19:08:51,143 - ✓ Checkpoint saved at step 26600
2025-11-18 19:09:09,506 - Step 26650/236780 (11.3%), Loss: 0.2443, LR: 7.03e-07, Tokens: 288
2025-11-18 19:09:09,506 -   Scheduler step: 1665, Optimizer step count: 26650
2025-11-18 19:09:27,685 - Step 26700/236780 (11.3%), Loss: 0.2578, LR: 7.04e-07, Tokens: 286
2025-11-18 19:09:27,685 -   Scheduler step: 1668, Optimizer step count: 26700
2025-11-18 19:09:44,654 - ✓ New best validation loss: 0.254968
2025-11-18 19:10:02,897 - Step 26750/236780 (11.3%), Loss: 0.2623, LR: 7.06e-07, Tokens: 294
2025-11-18 19:10:02,898 -   Scheduler step: 1671, Optimizer step count: 26750
2025-11-18 19:10:21,105 - Step 26800/236780 (11.3%), Loss: 0.2408, LR: 7.07e-07, Tokens: 280
2025-11-18 19:10:21,105 -   Scheduler step: 1675, Optimizer step count: 26800
2025-11-18 19:10:38,057 - Validation loss at step 26800: 0.255099 (no improvement: 1/20)
2025-11-18 19:10:42,420 - ✓ Checkpoint saved at step 26800
2025-11-18 19:11:00,907 - Step 26850/236780 (11.3%), Loss: 0.2307, LR: 7.09e-07, Tokens: 291
2025-11-18 19:11:00,907 -   Scheduler step: 1678, Optimizer step count: 26850
2025-11-18 19:11:19,062 - Step 26900/236780 (11.4%), Loss: 0.2364, LR: 7.10e-07, Tokens: 296
2025-11-18 19:11:19,062 -   Scheduler step: 1681, Optimizer step count: 26900
2025-11-18 19:11:36,440 - Validation loss at step 26900: 0.255145 (no improvement: 2/20)
2025-11-18 19:11:54,721 - Step 26950/236780 (11.4%), Loss: 0.2532, LR: 7.11e-07, Tokens: 292
2025-11-18 19:11:54,721 -   Scheduler step: 1684, Optimizer step count: 26950
2025-11-18 19:12:12,955 - Step 27000/236780 (11.4%), Loss: 0.2650, LR: 7.12e-07, Tokens: 279
2025-11-18 19:12:12,955 -   Scheduler step: 1687, Optimizer step count: 27000
2025-11-18 19:12:30,138 - Validation loss at step 27000: 0.255308 (no improvement: 3/20)
2025-11-18 19:12:34,499 - ✓ Checkpoint saved at step 27000
2025-11-18 19:12:52,595 - Step 27050/236780 (11.4%), Loss: 0.2555, LR: 7.14e-07, Tokens: 280
2025-11-18 19:12:52,595 -   Scheduler step: 1690, Optimizer step count: 27050
2025-11-18 19:13:10,644 - Step 27100/236780 (11.4%), Loss: 0.2542, LR: 7.15e-07, Tokens: 285
2025-11-18 19:13:10,645 -   Scheduler step: 1693, Optimizer step count: 27100
2025-11-18 19:13:27,439 - Validation loss at step 27100: 0.255315 (no improvement: 4/20)
2025-11-18 19:13:45,407 - Step 27150/236780 (11.5%), Loss: 0.2717, LR: 7.16e-07, Tokens: 281
2025-11-18 19:13:45,408 -   Scheduler step: 1696, Optimizer step count: 27150
2025-11-18 19:14:03,195 - Step 27200/236780 (11.5%), Loss: 0.2480, LR: 7.18e-07, Tokens: 283
2025-11-18 19:14:03,195 -   Scheduler step: 1700, Optimizer step count: 27200
2025-11-18 19:14:20,350 - Validation loss at step 27200: 0.255242 (no improvement: 5/20)
2025-11-18 19:14:25,355 - ✓ Checkpoint saved at step 27200
2025-11-18 19:14:43,595 - Step 27250/236780 (11.5%), Loss: 0.2530, LR: 7.19e-07, Tokens: 284
2025-11-18 19:14:43,595 -   Scheduler step: 1703, Optimizer step count: 27250
2025-11-18 19:15:01,822 - Step 27300/236780 (11.5%), Loss: 0.2462, LR: 7.21e-07, Tokens: 279
2025-11-18 19:15:01,822 -   Scheduler step: 1706, Optimizer step count: 27300
2025-11-18 19:15:19,131 - Validation loss at step 27300: 0.255164 (no improvement: 6/20)
2025-11-18 19:15:37,187 - Step 27350/236780 (11.6%), Loss: 0.2254, LR: 7.22e-07, Tokens: 311
2025-11-18 19:15:37,187 -   Scheduler step: 1709, Optimizer step count: 27350
2025-11-18 19:15:56,075 - Step 27400/236780 (11.6%), Loss: 0.3383, LR: 7.23e-07, Tokens: 251
2025-11-18 19:15:56,075 -   Scheduler step: 1712, Optimizer step count: 27400
2025-11-18 19:16:13,543 - Validation loss at step 27400: 0.255276 (no improvement: 7/20)
2025-11-18 19:16:17,955 - ✓ Checkpoint saved at step 27400
2025-11-18 19:16:36,259 - Step 27450/236780 (11.6%), Loss: 0.2553, LR: 7.24e-07, Tokens: 286
2025-11-18 19:16:36,259 -   Scheduler step: 1715, Optimizer step count: 27450
2025-11-18 19:16:54,813 - Step 27500/236780 (11.6%), Loss: 0.2480, LR: 7.26e-07, Tokens: 294
2025-11-18 19:16:54,814 -   Scheduler step: 1718, Optimizer step count: 27500
2025-11-18 19:17:11,880 - Validation loss at step 27500: 0.255122 (no improvement: 8/20)
2025-11-18 19:17:30,388 - Step 27550/236780 (11.6%), Loss: 0.2664, LR: 7.27e-07, Tokens: 287
2025-11-18 19:17:30,389 -   Scheduler step: 1721, Optimizer step count: 27550
2025-11-18 19:17:48,679 - Step 27600/236780 (11.7%), Loss: 0.2556, LR: 7.29e-07, Tokens: 281
2025-11-18 19:17:48,679 -   Scheduler step: 1725, Optimizer step count: 27600
2025-11-18 19:18:05,702 - Validation loss at step 27600: 0.255348 (no improvement: 9/20)
2025-11-18 19:18:10,218 - ✓ Checkpoint saved at step 27600
2025-11-18 19:18:28,499 - Step 27650/236780 (11.7%), Loss: 0.2412, LR: 7.30e-07, Tokens: 289
2025-11-18 19:18:28,499 -   Scheduler step: 1728, Optimizer step count: 27650
2025-11-18 19:18:46,689 - Step 27700/236780 (11.7%), Loss: 0.2468, LR: 7.31e-07, Tokens: 293
2025-11-18 19:18:46,689 -   Scheduler step: 1731, Optimizer step count: 27700
2025-11-18 19:19:03,658 - Validation loss at step 27700: 0.255184 (no improvement: 10/20)
2025-11-18 19:19:22,113 - Step 27750/236780 (11.7%), Loss: 0.2856, LR: 7.32e-07, Tokens: 259
2025-11-18 19:19:22,113 -   Scheduler step: 1734, Optimizer step count: 27750
2025-11-18 19:19:40,517 - Step 27800/236780 (11.7%), Loss: 0.2807, LR: 7.34e-07, Tokens: 283
2025-11-18 19:19:40,518 -   Scheduler step: 1737, Optimizer step count: 27800
2025-11-18 19:19:57,692 - ✓ New best validation loss: 0.254910
2025-11-18 19:20:01,999 - ✓ Checkpoint saved at step 27800
2025-11-18 19:20:20,214 - Step 27850/236780 (11.8%), Loss: 0.2704, LR: 7.35e-07, Tokens: 261
2025-11-18 19:20:20,214 -   Scheduler step: 1740, Optimizer step count: 27850
2025-11-18 19:20:38,863 - Step 27900/236780 (11.8%), Loss: 0.2443, LR: 7.36e-07, Tokens: 283
2025-11-18 19:20:38,864 -   Scheduler step: 1743, Optimizer step count: 27900
2025-11-18 19:20:55,704 - Validation loss at step 27900: 0.255132 (no improvement: 1/20)
2025-11-18 19:21:13,554 - Step 27950/236780 (11.8%), Loss: 0.2437, LR: 7.37e-07, Tokens: 281
2025-11-18 19:21:13,555 -   Scheduler step: 1746, Optimizer step count: 27950
2025-11-18 19:21:31,465 - Step 28000/236780 (11.8%), Loss: 0.2517, LR: 7.39e-07, Tokens: 284
2025-11-18 19:21:31,465 -   Scheduler step: 1750, Optimizer step count: 28000
2025-11-18 19:21:49,012 - ✓ New best validation loss: 0.254625
2025-11-18 19:21:53,338 - ✓ Checkpoint saved at step 28000
2025-11-18 19:22:11,802 - Step 28050/236780 (11.8%), Loss: 0.2799, LR: 7.40e-07, Tokens: 277
2025-11-18 19:22:11,802 -   Scheduler step: 1753, Optimizer step count: 28050
2025-11-18 19:22:29,920 - Step 28100/236780 (11.9%), Loss: 0.2567, LR: 7.42e-07, Tokens: 279
2025-11-18 19:22:29,920 -   Scheduler step: 1756, Optimizer step count: 28100
2025-11-18 19:22:47,682 - Validation loss at step 28100: 0.254843 (no improvement: 1/20)
2025-11-18 19:23:06,227 - Step 28150/236780 (11.9%), Loss: 0.2560, LR: 7.43e-07, Tokens: 307
2025-11-18 19:23:06,227 -   Scheduler step: 1759, Optimizer step count: 28150
2025-11-18 19:23:24,879 - Step 28200/236780 (11.9%), Loss: 0.2665, LR: 7.44e-07, Tokens: 271
2025-11-18 19:23:24,879 -   Scheduler step: 1762, Optimizer step count: 28200
2025-11-18 19:23:41,997 - Validation loss at step 28200: 0.254875 (no improvement: 2/20)
2025-11-18 19:23:46,413 - ✓ Checkpoint saved at step 28200
2025-11-18 19:24:04,759 - Step 28250/236780 (11.9%), Loss: 0.2323, LR: 7.45e-07, Tokens: 297
2025-11-18 19:24:04,760 -   Scheduler step: 1765, Optimizer step count: 28250
2025-11-18 19:24:23,240 - Step 28300/236780 (12.0%), Loss: 0.2500, LR: 7.47e-07, Tokens: 285
2025-11-18 19:24:23,240 -   Scheduler step: 1768, Optimizer step count: 28300
2025-11-18 19:24:40,509 - Validation loss at step 28300: 0.254723 (no improvement: 3/20)
2025-11-18 19:24:58,793 - Step 28350/236780 (12.0%), Loss: 0.2765, LR: 7.48e-07, Tokens: 278
2025-11-18 19:24:58,793 -   Scheduler step: 1771, Optimizer step count: 28350
2025-11-18 19:25:17,139 - Step 28400/236780 (12.0%), Loss: 0.2643, LR: 7.50e-07, Tokens: 282
2025-11-18 19:25:17,139 -   Scheduler step: 1775, Optimizer step count: 28400
2025-11-18 19:25:34,011 - Validation loss at step 28400: 0.254750 (no improvement: 4/20)
2025-11-18 19:25:38,264 - ✓ Checkpoint saved at step 28400
2025-11-18 19:25:56,827 - Step 28450/236780 (12.0%), Loss: 0.2483, LR: 7.51e-07, Tokens: 287
2025-11-18 19:25:56,828 -   Scheduler step: 1778, Optimizer step count: 28450
2025-11-18 19:26:14,934 - Step 28500/236780 (12.0%), Loss: 0.2512, LR: 7.52e-07, Tokens: 271
2025-11-18 19:26:14,934 -   Scheduler step: 1781, Optimizer step count: 28500
2025-11-18 19:26:32,489 - Validation loss at step 28500: 0.254893 (no improvement: 5/20)
2025-11-18 19:26:51,316 - Step 28550/236780 (12.1%), Loss: 0.2549, LR: 7.53e-07, Tokens: 296
2025-11-18 19:26:51,317 -   Scheduler step: 1784, Optimizer step count: 28550
2025-11-18 19:27:09,496 - Step 28600/236780 (12.1%), Loss: 0.2714, LR: 7.55e-07, Tokens: 283
2025-11-18 19:27:09,496 -   Scheduler step: 1787, Optimizer step count: 28600
2025-11-18 19:27:26,394 - Validation loss at step 28600: 0.254816 (no improvement: 6/20)
2025-11-18 19:27:30,792 - ✓ Checkpoint saved at step 28600
2025-11-18 19:27:48,788 - Step 28650/236780 (12.1%), Loss: 0.2629, LR: 7.56e-07, Tokens: 285
2025-11-18 19:27:48,788 -   Scheduler step: 1790, Optimizer step count: 28650
2025-11-18 19:28:06,530 - Step 28700/236780 (12.1%), Loss: 0.2402, LR: 7.57e-07, Tokens: 325
2025-11-18 19:28:06,530 -   Scheduler step: 1793, Optimizer step count: 28700
2025-11-18 19:28:23,438 - Validation loss at step 28700: 0.254904 (no improvement: 7/20)
2025-11-18 19:28:41,468 - Step 28750/236780 (12.1%), Loss: 0.2612, LR: 7.59e-07, Tokens: 280
2025-11-18 19:28:41,468 -   Scheduler step: 1796, Optimizer step count: 28750
2025-11-18 19:28:59,795 - Step 28800/236780 (12.2%), Loss: 0.2734, LR: 7.60e-07, Tokens: 264
2025-11-18 19:28:59,795 -   Scheduler step: 1800, Optimizer step count: 28800
2025-11-18 19:29:17,664 - Validation loss at step 28800: 0.255017 (no improvement: 8/20)
2025-11-18 19:29:24,410 - ✓ Checkpoint saved at step 28800
2025-11-18 19:29:42,627 - Step 28850/236780 (12.2%), Loss: 0.2583, LR: 7.61e-07, Tokens: 281
2025-11-18 19:29:42,627 -   Scheduler step: 1803, Optimizer step count: 28850
2025-11-18 19:30:00,688 - Step 28900/236780 (12.2%), Loss: 0.2510, LR: 7.63e-07, Tokens: 316
2025-11-18 19:30:00,688 -   Scheduler step: 1806, Optimizer step count: 28900
2025-11-18 19:30:18,314 - ✓ New best validation loss: 0.254403
2025-11-18 19:30:36,708 - Step 28950/236780 (12.2%), Loss: 0.2732, LR: 7.64e-07, Tokens: 276
2025-11-18 19:30:36,708 -   Scheduler step: 1809, Optimizer step count: 28950
2025-11-18 19:30:54,474 - Step 29000/236780 (12.2%), Loss: 0.2770, LR: 7.65e-07, Tokens: 276
2025-11-18 19:30:54,474 -   Scheduler step: 1812, Optimizer step count: 29000
2025-11-18 19:31:11,109 - Validation loss at step 29000: 0.255231 (no improvement: 1/20)
2025-11-18 19:31:15,037 - ✓ Checkpoint saved at step 29000
2025-11-18 19:31:32,725 - Step 29050/236780 (12.3%), Loss: 0.2690, LR: 7.67e-07, Tokens: 286
2025-11-18 19:31:32,725 -   Scheduler step: 1815, Optimizer step count: 29050
2025-11-18 19:31:50,437 - Step 29100/236780 (12.3%), Loss: 0.2455, LR: 7.68e-07, Tokens: 294
2025-11-18 19:31:50,437 -   Scheduler step: 1818, Optimizer step count: 29100
2025-11-18 19:32:07,612 - Validation loss at step 29100: 0.254766 (no improvement: 2/20)
2025-11-18 19:32:25,330 - Step 29150/236780 (12.3%), Loss: 0.2650, LR: 7.69e-07, Tokens: 285
2025-11-18 19:32:25,331 -   Scheduler step: 1821, Optimizer step count: 29150
2025-11-18 19:32:43,267 - Step 29200/236780 (12.3%), Loss: 0.2329, LR: 7.71e-07, Tokens: 295
2025-11-18 19:32:43,267 -   Scheduler step: 1825, Optimizer step count: 29200
2025-11-18 19:32:59,830 - Validation loss at step 29200: 0.254514 (no improvement: 3/20)
2025-11-18 19:33:03,735 - ✓ Checkpoint saved at step 29200
2025-11-18 19:33:21,562 - Step 29250/236780 (12.4%), Loss: 0.2536, LR: 7.72e-07, Tokens: 277
2025-11-18 19:33:21,562 -   Scheduler step: 1828, Optimizer step count: 29250
2025-11-18 19:33:39,812 - Step 29300/236780 (12.4%), Loss: 0.2766, LR: 7.73e-07, Tokens: 277
2025-11-18 19:33:39,813 -   Scheduler step: 1831, Optimizer step count: 29300
2025-11-18 19:33:56,353 - Validation loss at step 29300: 0.254702 (no improvement: 4/20)
2025-11-18 19:34:14,312 - Step 29350/236780 (12.4%), Loss: 0.2533, LR: 7.75e-07, Tokens: 277
2025-11-18 19:34:14,312 -   Scheduler step: 1834, Optimizer step count: 29350
2025-11-18 19:34:32,060 - Step 29400/236780 (12.4%), Loss: 0.2548, LR: 7.76e-07, Tokens: 289
2025-11-18 19:34:32,060 -   Scheduler step: 1837, Optimizer step count: 29400
2025-11-18 19:34:48,562 - Validation loss at step 29400: 0.254682 (no improvement: 5/20)
2025-11-18 19:34:52,523 - ✓ Checkpoint saved at step 29400
2025-11-18 19:35:10,517 - Step 29450/236780 (12.4%), Loss: 0.2539, LR: 7.77e-07, Tokens: 283
2025-11-18 19:35:10,518 -   Scheduler step: 1840, Optimizer step count: 29450
2025-11-18 19:35:28,196 - Step 29500/236780 (12.5%), Loss: 0.2464, LR: 7.78e-07, Tokens: 286
2025-11-18 19:35:28,196 -   Scheduler step: 1843, Optimizer step count: 29500
2025-11-18 19:35:44,642 - Validation loss at step 29500: 0.254862 (no improvement: 6/20)
2025-11-18 19:36:02,540 - Step 29550/236780 (12.5%), Loss: 0.2621, LR: 7.80e-07, Tokens: 289
2025-11-18 19:36:02,540 -   Scheduler step: 1846, Optimizer step count: 29550
2025-11-18 19:36:20,278 - Step 29600/236780 (12.5%), Loss: 0.2577, LR: 7.81e-07, Tokens: 268
2025-11-18 19:36:20,278 -   Scheduler step: 1850, Optimizer step count: 29600
2025-11-18 19:36:36,908 - Validation loss at step 29600: 0.254758 (no improvement: 7/20)
2025-11-18 19:36:40,826 - ✓ Checkpoint saved at step 29600
2025-11-18 19:36:58,487 - Step 29650/236780 (12.5%), Loss: 0.2457, LR: 7.83e-07, Tokens: 297
2025-11-18 19:36:58,488 -   Scheduler step: 1853, Optimizer step count: 29650
2025-11-18 19:37:16,206 - Step 29700/236780 (12.5%), Loss: 0.2581, LR: 7.84e-07, Tokens: 286
2025-11-18 19:37:16,206 -   Scheduler step: 1856, Optimizer step count: 29700
2025-11-18 19:37:32,762 - Validation loss at step 29700: 0.254478 (no improvement: 8/20)
2025-11-18 19:37:50,505 - Step 29750/236780 (12.6%), Loss: 0.2265, LR: 7.85e-07, Tokens: 300
2025-11-18 19:37:50,505 -   Scheduler step: 1859, Optimizer step count: 29750
2025-11-18 19:38:08,242 - Step 29800/236780 (12.6%), Loss: 0.2622, LR: 7.86e-07, Tokens: 273
2025-11-18 19:38:08,242 -   Scheduler step: 1862, Optimizer step count: 29800
2025-11-18 19:38:24,742 - Validation loss at step 29800: 0.254562 (no improvement: 9/20)
2025-11-18 19:38:28,664 - ✓ Checkpoint saved at step 29800
2025-11-18 19:38:46,483 - Step 29850/236780 (12.6%), Loss: 0.2514, LR: 7.88e-07, Tokens: 301
2025-11-18 19:38:46,483 -   Scheduler step: 1865, Optimizer step count: 29850
2025-11-18 19:39:04,257 - Step 29900/236780 (12.6%), Loss: 0.2615, LR: 7.89e-07, Tokens: 271
2025-11-18 19:39:04,257 -   Scheduler step: 1868, Optimizer step count: 29900
2025-11-18 19:39:20,706 - ✓ New best validation loss: 0.254194
2025-11-18 19:39:38,631 - Step 29950/236780 (12.6%), Loss: 0.2441, LR: 7.90e-07, Tokens: 284
2025-11-18 19:39:38,631 -   Scheduler step: 1871, Optimizer step count: 29950
2025-11-18 19:39:56,452 - Step 30000/236780 (12.7%), Loss: 0.2393, LR: 7.92e-07, Tokens: 314
2025-11-18 19:39:56,452 -   Scheduler step: 1875, Optimizer step count: 30000
2025-11-18 19:40:13,119 - Validation loss at step 30000: 0.254414 (no improvement: 1/20)
2025-11-18 19:40:17,019 - ✓ Checkpoint saved at step 30000
2025-11-18 19:40:34,781 - Step 30050/236780 (12.7%), Loss: 0.2628, LR: 7.93e-07, Tokens: 276
2025-11-18 19:40:34,781 -   Scheduler step: 1878, Optimizer step count: 30050
2025-11-18 19:40:52,466 - Step 30100/236780 (12.7%), Loss: 0.2642, LR: 7.94e-07, Tokens: 281
2025-11-18 19:40:52,466 -   Scheduler step: 1881, Optimizer step count: 30100
2025-11-18 19:41:09,152 - Validation loss at step 30100: 0.254645 (no improvement: 2/20)
2025-11-18 19:41:27,083 - Step 30150/236780 (12.7%), Loss: 0.2574, LR: 7.96e-07, Tokens: 281
2025-11-18 19:41:27,084 -   Scheduler step: 1884, Optimizer step count: 30150
2025-11-18 19:41:44,879 - Step 30200/236780 (12.8%), Loss: 0.2650, LR: 7.97e-07, Tokens: 271
2025-11-18 19:41:44,879 -   Scheduler step: 1887, Optimizer step count: 30200
2025-11-18 19:42:01,531 - Validation loss at step 30200: 0.254418 (no improvement: 3/20)
2025-11-18 19:42:05,475 - ✓ Checkpoint saved at step 30200
2025-11-18 19:42:23,230 - Step 30250/236780 (12.8%), Loss: 0.2821, LR: 7.98e-07, Tokens: 286
2025-11-18 19:42:23,231 -   Scheduler step: 1890, Optimizer step count: 30250
2025-11-18 19:42:40,913 - Step 30300/236780 (12.8%), Loss: 0.2569, LR: 7.99e-07, Tokens: 272
2025-11-18 19:42:40,914 -   Scheduler step: 1893, Optimizer step count: 30300
2025-11-18 19:42:57,496 - Validation loss at step 30300: 0.254684 (no improvement: 4/20)
2025-11-18 19:43:15,311 - Step 30350/236780 (12.8%), Loss: 0.2533, LR: 8.01e-07, Tokens: 283
2025-11-18 19:43:15,311 -   Scheduler step: 1896, Optimizer step count: 30350
2025-11-18 19:43:32,975 - Step 30400/236780 (12.8%), Loss: 0.2657, LR: 8.02e-07, Tokens: 287
2025-11-18 19:43:32,975 -   Scheduler step: 1900, Optimizer step count: 30400
2025-11-18 19:43:49,769 - Validation loss at step 30400: 0.254616 (no improvement: 5/20)
2025-11-18 19:43:53,675 - ✓ Checkpoint saved at step 30400
2025-11-18 19:44:11,432 - Step 30450/236780 (12.9%), Loss: 0.2648, LR: 8.04e-07, Tokens: 269
2025-11-18 19:44:11,432 -   Scheduler step: 1903, Optimizer step count: 30450
2025-11-18 19:44:29,075 - Step 30500/236780 (12.9%), Loss: 0.2820, LR: 8.05e-07, Tokens: 286
2025-11-18 19:44:29,075 -   Scheduler step: 1906, Optimizer step count: 30500
2025-11-18 19:44:45,615 - Validation loss at step 30500: 0.254476 (no improvement: 6/20)
2025-11-18 19:45:03,334 - Step 30550/236780 (12.9%), Loss: 0.2624, LR: 8.06e-07, Tokens: 280
2025-11-18 19:45:03,334 -   Scheduler step: 1909, Optimizer step count: 30550
2025-11-18 19:45:21,015 - Step 30600/236780 (12.9%), Loss: 0.2527, LR: 8.08e-07, Tokens: 284
2025-11-18 19:45:21,015 -   Scheduler step: 1912, Optimizer step count: 30600
2025-11-18 19:45:37,547 - Validation loss at step 30600: 0.254586 (no improvement: 7/20)
2025-11-18 19:45:41,453 - ✓ Checkpoint saved at step 30600
2025-11-18 19:45:59,160 - Step 30650/236780 (12.9%), Loss: 0.2555, LR: 8.09e-07, Tokens: 290
2025-11-18 19:45:59,160 -   Scheduler step: 1915, Optimizer step count: 30650
2025-11-18 19:46:16,865 - Step 30700/236780 (13.0%), Loss: 0.2707, LR: 8.10e-07, Tokens: 283
2025-11-18 19:46:16,865 -   Scheduler step: 1918, Optimizer step count: 30700
2025-11-18 19:46:33,678 - Validation loss at step 30700: 0.254870 (no improvement: 8/20)
2025-11-18 19:46:51,450 - Step 30750/236780 (13.0%), Loss: 0.2404, LR: 8.11e-07, Tokens: 284
2025-11-18 19:46:51,450 -   Scheduler step: 1921, Optimizer step count: 30750
2025-11-18 19:47:09,246 - Step 30800/236780 (13.0%), Loss: 0.2646, LR: 8.13e-07, Tokens: 279
2025-11-18 19:47:09,246 -   Scheduler step: 1925, Optimizer step count: 30800
2025-11-18 19:47:25,925 - Validation loss at step 30800: 0.254890 (no improvement: 9/20)
2025-11-18 19:47:29,828 - ✓ Checkpoint saved at step 30800
2025-11-18 19:47:47,649 - Step 30850/236780 (13.0%), Loss: 0.2353, LR: 8.14e-07, Tokens: 298
2025-11-18 19:47:47,649 -   Scheduler step: 1928, Optimizer step count: 30850
2025-11-18 19:48:05,367 - Step 30900/236780 (13.1%), Loss: 0.2567, LR: 8.16e-07, Tokens: 284
2025-11-18 19:48:05,367 -   Scheduler step: 1931, Optimizer step count: 30900
2025-11-18 19:48:21,906 - Validation loss at step 30900: 0.254977 (no improvement: 10/20)
2025-11-18 19:48:39,774 - Step 30950/236780 (13.1%), Loss: 0.2635, LR: 8.17e-07, Tokens: 281
2025-11-18 19:48:39,775 -   Scheduler step: 1934, Optimizer step count: 30950
2025-11-18 19:48:57,548 - Step 31000/236780 (13.1%), Loss: 0.2727, LR: 8.18e-07, Tokens: 275
2025-11-18 19:48:57,548 -   Scheduler step: 1937, Optimizer step count: 31000
2025-11-18 19:49:14,251 - Validation loss at step 31000: 0.254432 (no improvement: 11/20)
2025-11-18 19:49:18,146 - ✓ Checkpoint saved at step 31000
2025-11-18 19:49:35,925 - Step 31050/236780 (13.1%), Loss: 0.2765, LR: 8.19e-07, Tokens: 271
2025-11-18 19:49:35,925 -   Scheduler step: 1940, Optimizer step count: 31050
2025-11-18 19:49:53,845 - Step 31100/236780 (13.1%), Loss: 0.2685, LR: 8.21e-07, Tokens: 279
2025-11-18 19:49:53,845 -   Scheduler step: 1943, Optimizer step count: 31100
2025-11-18 19:50:10,526 - Validation loss at step 31100: 0.254340 (no improvement: 12/20)
2025-11-18 19:50:28,540 - Step 31150/236780 (13.2%), Loss: 0.2556, LR: 8.22e-07, Tokens: 272
2025-11-18 19:50:28,540 -   Scheduler step: 1946, Optimizer step count: 31150
2025-11-18 19:50:46,426 - Step 31200/236780 (13.2%), Loss: 0.2548, LR: 8.24e-07, Tokens: 284
2025-11-18 19:50:46,426 -   Scheduler step: 1950, Optimizer step count: 31200
2025-11-18 19:51:03,005 - Validation loss at step 31200: 0.254262 (no improvement: 13/20)
2025-11-18 19:51:06,925 - ✓ Checkpoint saved at step 31200
2025-11-18 19:51:24,685 - Step 31250/236780 (13.2%), Loss: 0.2604, LR: 8.25e-07, Tokens: 266
2025-11-18 19:51:24,686 -   Scheduler step: 1953, Optimizer step count: 31250
2025-11-18 19:51:42,620 - Step 31300/236780 (13.2%), Loss: 0.2526, LR: 8.26e-07, Tokens: 282
2025-11-18 19:51:42,620 -   Scheduler step: 1956, Optimizer step count: 31300
2025-11-18 19:51:59,202 - Validation loss at step 31300: 0.254441 (no improvement: 14/20)
2025-11-18 19:52:17,112 - Step 31350/236780 (13.2%), Loss: 0.2465, LR: 8.27e-07, Tokens: 282
2025-11-18 19:52:17,113 -   Scheduler step: 1959, Optimizer step count: 31350
2025-11-18 19:52:34,818 - Step 31400/236780 (13.3%), Loss: 0.2493, LR: 8.29e-07, Tokens: 301
2025-11-18 19:52:34,818 -   Scheduler step: 1962, Optimizer step count: 31400
2025-11-18 19:52:51,485 - Validation loss at step 31400: 0.254528 (no improvement: 15/20)
2025-11-18 19:52:55,400 - ✓ Checkpoint saved at step 31400
2025-11-18 19:53:13,073 - Step 31450/236780 (13.3%), Loss: 0.2527, LR: 8.30e-07, Tokens: 299
2025-11-18 19:53:13,073 -   Scheduler step: 1965, Optimizer step count: 31450
2025-11-18 19:53:30,850 - Step 31500/236780 (13.3%), Loss: 0.2375, LR: 8.31e-07, Tokens: 281
2025-11-18 19:53:30,850 -   Scheduler step: 1968, Optimizer step count: 31500
2025-11-18 19:53:47,477 - ✓ New best validation loss: 0.254182
2025-11-18 19:54:05,305 - Step 31550/236780 (13.3%), Loss: 0.2162, LR: 8.32e-07, Tokens: 310
2025-11-18 19:54:05,305 -   Scheduler step: 1971, Optimizer step count: 31550
2025-11-18 19:54:23,179 - Step 31600/236780 (13.3%), Loss: 0.2477, LR: 8.34e-07, Tokens: 280
2025-11-18 19:54:23,179 -   Scheduler step: 1975, Optimizer step count: 31600
2025-11-18 19:54:39,808 - Validation loss at step 31600: 0.254707 (no improvement: 1/20)
2025-11-18 19:54:43,728 - ✓ Checkpoint saved at step 31600
2025-11-18 19:55:01,603 - Step 31650/236780 (13.4%), Loss: 0.2354, LR: 8.35e-07, Tokens: 309
2025-11-18 19:55:01,603 -   Scheduler step: 1978, Optimizer step count: 31650
2025-11-18 19:55:19,430 - Step 31700/236780 (13.4%), Loss: 0.2355, LR: 8.37e-07, Tokens: 300
2025-11-18 19:55:19,430 -   Scheduler step: 1981, Optimizer step count: 31700
2025-11-18 19:55:36,093 - Validation loss at step 31700: 0.254541 (no improvement: 2/20)
2025-11-18 19:55:53,651 - Step 31750/236780 (13.4%), Loss: 0.2534, LR: 8.38e-07, Tokens: 309
2025-11-18 19:55:53,651 -   Scheduler step: 1984, Optimizer step count: 31750
2025-11-18 19:56:11,372 - Step 31800/236780 (13.4%), Loss: 0.2416, LR: 8.39e-07, Tokens: 296
2025-11-18 19:56:11,372 -   Scheduler step: 1987, Optimizer step count: 31800
2025-11-18 19:56:28,088 - Validation loss at step 31800: 0.254880 (no improvement: 3/20)
2025-11-18 19:56:31,995 - ✓ Checkpoint saved at step 31800
2025-11-18 19:56:49,468 - Step 31850/236780 (13.5%), Loss: 0.2693, LR: 8.40e-07, Tokens: 284
2025-11-18 19:56:49,469 -   Scheduler step: 1990, Optimizer step count: 31850
2025-11-18 19:57:07,181 - Step 31900/236780 (13.5%), Loss: 0.2381, LR: 8.42e-07, Tokens: 298
2025-11-18 19:57:07,181 -   Scheduler step: 1993, Optimizer step count: 31900
2025-11-18 19:57:23,787 - Validation loss at step 31900: 0.254724 (no improvement: 4/20)
2025-11-18 19:57:42,255 - Step 31950/236780 (13.5%), Loss: 0.2564, LR: 8.43e-07, Tokens: 284
2025-11-18 19:57:42,255 -   Scheduler step: 1996, Optimizer step count: 31950
2025-11-18 19:58:00,171 - Step 32000/236780 (13.5%), Loss: 0.2873, LR: 8.45e-07, Tokens: 266
2025-11-18 19:58:00,171 -   Scheduler step: 2000, Optimizer step count: 32000
2025-11-18 19:58:16,783 - Validation loss at step 32000: 0.254650 (no improvement: 5/20)
2025-11-18 19:58:20,677 - ✓ Checkpoint saved at step 32000
2025-11-18 19:58:38,404 - Step 32050/236780 (13.5%), Loss: 0.2559, LR: 8.46e-07, Tokens: 284
2025-11-18 19:58:38,404 -   Scheduler step: 2003, Optimizer step count: 32050
2025-11-18 19:58:56,208 - Step 32100/236780 (13.6%), Loss: 0.2464, LR: 8.47e-07, Tokens: 290
2025-11-18 19:58:56,208 -   Scheduler step: 2006, Optimizer step count: 32100
2025-11-18 19:59:12,971 - Validation loss at step 32100: 0.254378 (no improvement: 6/20)
2025-11-18 19:59:31,249 - Step 32150/236780 (13.6%), Loss: 0.2510, LR: 8.48e-07, Tokens: 288
2025-11-18 19:59:31,249 -   Scheduler step: 2009, Optimizer step count: 32150
2025-11-18 19:59:49,086 - Step 32200/236780 (13.6%), Loss: 0.2514, LR: 8.50e-07, Tokens: 288
2025-11-18 19:59:49,087 -   Scheduler step: 2012, Optimizer step count: 32200
2025-11-18 20:00:05,752 - ✓ New best validation loss: 0.254020
2025-11-18 20:00:09,674 - ✓ Checkpoint saved at step 32200
2025-11-18 20:00:27,338 - Step 32250/236780 (13.6%), Loss: 0.2568, LR: 8.51e-07, Tokens: 277
2025-11-18 20:00:27,339 -   Scheduler step: 2015, Optimizer step count: 32250
2025-11-18 20:00:45,287 - Step 32300/236780 (13.6%), Loss: 0.2282, LR: 8.52e-07, Tokens: 296
2025-11-18 20:00:45,288 -   Scheduler step: 2018, Optimizer step count: 32300
2025-11-18 20:01:01,970 - Validation loss at step 32300: 0.254534 (no improvement: 1/20)
2025-11-18 20:01:22,155 - Step 32350/236780 (13.7%), Loss: 0.2398, LR: 8.54e-07, Tokens: 281
2025-11-18 20:01:22,156 -   Scheduler step: 2021, Optimizer step count: 32350
2025-11-18 20:01:40,048 - Step 32400/236780 (13.7%), Loss: 0.2616, LR: 8.55e-07, Tokens: 288
2025-11-18 20:01:40,048 -   Scheduler step: 2025, Optimizer step count: 32400
2025-11-18 20:01:56,680 - Validation loss at step 32400: 0.254865 (no improvement: 2/20)
2025-11-18 20:02:00,609 - ✓ Checkpoint saved at step 32400
2025-11-18 20:02:18,237 - Step 32450/236780 (13.7%), Loss: 0.2634, LR: 8.56e-07, Tokens: 276
2025-11-18 20:02:18,237 -   Scheduler step: 2028, Optimizer step count: 32450
2025-11-18 20:02:35,768 - Step 32500/236780 (13.7%), Loss: 0.2544, LR: 8.58e-07, Tokens: 282
2025-11-18 20:02:35,769 -   Scheduler step: 2031, Optimizer step count: 32500
2025-11-18 20:02:52,550 - Validation loss at step 32500: 0.254812 (no improvement: 3/20)
2025-11-18 20:03:10,180 - Step 32550/236780 (13.7%), Loss: 0.2511, LR: 8.59e-07, Tokens: 283
2025-11-18 20:03:10,180 -   Scheduler step: 2034, Optimizer step count: 32550
2025-11-18 20:03:27,636 - Step 32600/236780 (13.8%), Loss: 0.2925, LR: 8.60e-07, Tokens: 263
2025-11-18 20:03:27,636 -   Scheduler step: 2037, Optimizer step count: 32600
2025-11-18 20:03:44,391 - Validation loss at step 32600: 0.254407 (no improvement: 4/20)
2025-11-18 20:03:48,285 - ✓ Checkpoint saved at step 32600
2025-11-18 20:04:05,994 - Step 32650/236780 (13.8%), Loss: 0.2603, LR: 8.62e-07, Tokens: 288
2025-11-18 20:04:05,994 -   Scheduler step: 2040, Optimizer step count: 32650
2025-11-18 20:04:23,600 - Step 32700/236780 (13.8%), Loss: 0.2422, LR: 8.63e-07, Tokens: 278
2025-11-18 20:04:23,600 -   Scheduler step: 2043, Optimizer step count: 32700
2025-11-18 20:04:40,297 - Validation loss at step 32700: 0.254397 (no improvement: 5/20)
2025-11-18 20:04:57,995 - Step 32750/236780 (13.8%), Loss: 0.2476, LR: 8.64e-07, Tokens: 283
2025-11-18 20:04:57,995 -   Scheduler step: 2046, Optimizer step count: 32750
2025-11-18 20:05:15,478 - Step 32800/236780 (13.9%), Loss: 0.2564, LR: 8.66e-07, Tokens: 270
2025-11-18 20:05:15,479 -   Scheduler step: 2050, Optimizer step count: 32800
2025-11-18 20:05:32,097 - Validation loss at step 32800: 0.254497 (no improvement: 6/20)
2025-11-18 20:05:36,009 - ✓ Checkpoint saved at step 32800
2025-11-18 20:05:53,650 - Step 32850/236780 (13.9%), Loss: 0.2629, LR: 8.67e-07, Tokens: 278
2025-11-18 20:05:53,650 -   Scheduler step: 2053, Optimizer step count: 32850
2025-11-18 20:06:11,282 - Step 32900/236780 (13.9%), Loss: 0.2553, LR: 8.68e-07, Tokens: 283
2025-11-18 20:06:11,283 -   Scheduler step: 2056, Optimizer step count: 32900
2025-11-18 20:06:27,951 - Validation loss at step 32900: 0.254289 (no improvement: 7/20)
2025-11-18 20:06:45,573 - Step 32950/236780 (13.9%), Loss: 0.2722, LR: 8.70e-07, Tokens: 282
2025-11-18 20:06:45,574 -   Scheduler step: 2059, Optimizer step count: 32950
2025-11-18 20:07:03,297 - Step 33000/236780 (13.9%), Loss: 0.2765, LR: 8.71e-07, Tokens: 274
2025-11-18 20:07:03,297 -   Scheduler step: 2062, Optimizer step count: 33000
2025-11-18 20:07:24,599 - Validation loss at step 33000: 0.254200 (no improvement: 8/20)
2025-11-18 20:07:28,487 - ✓ Checkpoint saved at step 33000
2025-11-18 20:07:46,745 - Step 33050/236780 (14.0%), Loss: 0.2648, LR: 8.72e-07, Tokens: 283
2025-11-18 20:07:46,745 -   Scheduler step: 2065, Optimizer step count: 33050
2025-11-18 20:08:04,779 - Step 33100/236780 (14.0%), Loss: 0.2548, LR: 8.73e-07, Tokens: 267
2025-11-18 20:08:04,780 -   Scheduler step: 2068, Optimizer step count: 33100
2025-11-18 20:08:25,809 - ✓ New best validation loss: 0.253967
2025-11-18 20:08:43,601 - Step 33150/236780 (14.0%), Loss: 0.2418, LR: 8.75e-07, Tokens: 281
2025-11-18 20:08:43,602 -   Scheduler step: 2071, Optimizer step count: 33150
2025-11-18 20:09:01,318 - Step 33200/236780 (14.0%), Loss: 0.2569, LR: 8.76e-07, Tokens: 271
2025-11-18 20:09:01,319 -   Scheduler step: 2075, Optimizer step count: 33200
2025-11-18 20:09:22,076 - Validation loss at step 33200: 0.253995 (no improvement: 1/20)
2025-11-18 20:09:25,983 - ✓ Checkpoint saved at step 33200
2025-11-18 20:09:44,358 - Step 33250/236780 (14.0%), Loss: 0.2355, LR: 8.78e-07, Tokens: 289
2025-11-18 20:09:44,358 -   Scheduler step: 2078, Optimizer step count: 33250
2025-11-18 20:10:03,333 - Step 33300/236780 (14.1%), Loss: 0.2624, LR: 8.79e-07, Tokens: 277
2025-11-18 20:10:03,333 -   Scheduler step: 2081, Optimizer step count: 33300
2025-11-18 20:10:24,632 - Validation loss at step 33300: 0.254252 (no improvement: 2/20)
2025-11-18 20:10:42,187 - Step 33350/236780 (14.1%), Loss: 0.2566, LR: 8.80e-07, Tokens: 272
2025-11-18 20:10:42,187 -   Scheduler step: 2084, Optimizer step count: 33350
2025-11-18 20:11:01,246 - Step 33400/236780 (14.1%), Loss: 0.2721, LR: 8.81e-07, Tokens: 273
2025-11-18 20:11:01,246 -   Scheduler step: 2087, Optimizer step count: 33400
2025-11-18 20:11:17,980 - Validation loss at step 33400: 0.254041 (no improvement: 3/20)
2025-11-18 20:11:21,916 - ✓ Checkpoint saved at step 33400
2025-11-18 20:11:39,767 - Step 33450/236780 (14.1%), Loss: 0.2737, LR: 8.83e-07, Tokens: 284
2025-11-18 20:11:39,767 -   Scheduler step: 2090, Optimizer step count: 33450
2025-11-18 20:11:57,308 - Step 33500/236780 (14.1%), Loss: 0.2479, LR: 8.84e-07, Tokens: 279
2025-11-18 20:11:57,308 -   Scheduler step: 2093, Optimizer step count: 33500
2025-11-18 20:12:13,940 - ✓ New best validation loss: 0.253907
2025-11-18 20:12:31,613 - Step 33550/236780 (14.2%), Loss: 0.2443, LR: 8.85e-07, Tokens: 304
2025-11-18 20:12:31,613 -   Scheduler step: 2096, Optimizer step count: 33550
2025-11-18 20:12:49,389 - Step 33600/236780 (14.2%), Loss: 0.2365, LR: 8.87e-07, Tokens: 302
2025-11-18 20:12:49,389 -   Scheduler step: 2100, Optimizer step count: 33600
2025-11-18 20:13:06,087 - Validation loss at step 33600: 0.254321 (no improvement: 1/20)
2025-11-18 20:13:10,015 - ✓ Checkpoint saved at step 33600
2025-11-18 20:13:27,737 - Step 33650/236780 (14.2%), Loss: 0.2468, LR: 8.88e-07, Tokens: 280
2025-11-18 20:13:27,737 -   Scheduler step: 2103, Optimizer step count: 33650
2025-11-18 20:13:45,417 - Step 33700/236780 (14.2%), Loss: 0.2686, LR: 8.89e-07, Tokens: 274
2025-11-18 20:13:45,417 -   Scheduler step: 2106, Optimizer step count: 33700
2025-11-18 20:14:02,080 - Validation loss at step 33700: 0.254276 (no improvement: 2/20)
2025-11-18 20:14:21,670 - Step 33750/236780 (14.3%), Loss: 0.2514, LR: 8.91e-07, Tokens: 275
2025-11-18 20:14:21,670 -   Scheduler step: 2109, Optimizer step count: 33750
2025-11-18 20:14:39,436 - Step 33800/236780 (14.3%), Loss: 0.2721, LR: 8.92e-07, Tokens: 286
2025-11-18 20:14:39,436 -   Scheduler step: 2112, Optimizer step count: 33800
2025-11-18 20:14:55,998 - Validation loss at step 33800: 0.254054 (no improvement: 3/20)
2025-11-18 20:14:59,933 - ✓ Checkpoint saved at step 33800
2025-11-18 20:15:17,510 - Step 33850/236780 (14.3%), Loss: 0.2354, LR: 8.93e-07, Tokens: 293
2025-11-18 20:15:17,510 -   Scheduler step: 2115, Optimizer step count: 33850
2025-11-18 20:15:35,261 - Step 33900/236780 (14.3%), Loss: 0.2616, LR: 8.95e-07, Tokens: 288
2025-11-18 20:15:35,261 -   Scheduler step: 2118, Optimizer step count: 33900
2025-11-18 20:15:51,872 - ✓ New best validation loss: 0.253689
2025-11-18 20:16:09,501 - Step 33950/236780 (14.3%), Loss: 0.2503, LR: 8.96e-07, Tokens: 294
2025-11-18 20:16:09,501 -   Scheduler step: 2121, Optimizer step count: 33950
2025-11-18 20:16:27,298 - Step 34000/236780 (14.4%), Loss: 0.2569, LR: 8.97e-07, Tokens: 287
2025-11-18 20:16:27,299 -   Scheduler step: 2125, Optimizer step count: 34000
2025-11-18 20:16:43,841 - Validation loss at step 34000: 0.253919 (no improvement: 1/20)
2025-11-18 20:16:47,731 - ✓ Checkpoint saved at step 34000
2025-11-18 20:17:05,363 - Step 34050/236780 (14.4%), Loss: 0.2367, LR: 8.99e-07, Tokens: 281
2025-11-18 20:17:05,363 -   Scheduler step: 2128, Optimizer step count: 34050
2025-11-18 20:17:22,976 - Step 34100/236780 (14.4%), Loss: 0.2690, LR: 9.00e-07, Tokens: 281
2025-11-18 20:17:22,977 -   Scheduler step: 2131, Optimizer step count: 34100
2025-11-18 20:17:40,492 - Validation loss at step 34100: 0.254312 (no improvement: 2/20)
2025-11-18 20:17:59,247 - Step 34150/236780 (14.4%), Loss: 0.2638, LR: 9.01e-07, Tokens: 278
2025-11-18 20:17:59,248 -   Scheduler step: 2134, Optimizer step count: 34150
2025-11-18 20:18:17,208 - Step 34200/236780 (14.4%), Loss: 0.2486, LR: 9.03e-07, Tokens: 296
2025-11-18 20:18:17,208 -   Scheduler step: 2137, Optimizer step count: 34200
2025-11-18 20:18:35,581 - Validation loss at step 34200: 0.254343 (no improvement: 3/20)
2025-11-18 20:18:39,532 - ✓ Checkpoint saved at step 34200
2025-11-18 20:18:57,480 - Step 34250/236780 (14.5%), Loss: 0.2436, LR: 9.04e-07, Tokens: 301
2025-11-18 20:18:57,481 -   Scheduler step: 2140, Optimizer step count: 34250
2025-11-18 20:19:15,341 - Step 34300/236780 (14.5%), Loss: 0.2614, LR: 9.05e-07, Tokens: 282
2025-11-18 20:19:15,341 -   Scheduler step: 2143, Optimizer step count: 34300
2025-11-18 20:19:34,328 - Validation loss at step 34300: 0.254421 (no improvement: 4/20)
2025-11-18 20:19:52,090 - Step 34350/236780 (14.5%), Loss: 0.2396, LR: 9.06e-07, Tokens: 299
2025-11-18 20:19:52,090 -   Scheduler step: 2146, Optimizer step count: 34350
2025-11-18 20:20:09,741 - Step 34400/236780 (14.5%), Loss: 0.2474, LR: 9.08e-07, Tokens: 292
2025-11-18 20:20:09,741 -   Scheduler step: 2150, Optimizer step count: 34400
2025-11-18 20:20:28,284 - Validation loss at step 34400: 0.254697 (no improvement: 5/20)
2025-11-18 20:20:32,194 - ✓ Checkpoint saved at step 34400
2025-11-18 20:20:49,871 - Step 34450/236780 (14.5%), Loss: 0.2436, LR: 9.09e-07, Tokens: 298
2025-11-18 20:20:49,872 -   Scheduler step: 2153, Optimizer step count: 34450
2025-11-18 20:21:07,654 - Step 34500/236780 (14.6%), Loss: 0.2589, LR: 9.11e-07, Tokens: 286
2025-11-18 20:21:07,654 -   Scheduler step: 2156, Optimizer step count: 34500
2025-11-18 20:21:25,942 - Validation loss at step 34500: 0.254053 (no improvement: 6/20)
2025-11-18 20:21:43,625 - Step 34550/236780 (14.6%), Loss: 0.2675, LR: 9.12e-07, Tokens: 281
2025-11-18 20:21:43,625 -   Scheduler step: 2159, Optimizer step count: 34550
2025-11-18 20:22:01,847 - Step 34600/236780 (14.6%), Loss: 0.2422, LR: 9.13e-07, Tokens: 297
2025-11-18 20:22:01,847 -   Scheduler step: 2162, Optimizer step count: 34600
2025-11-18 20:22:18,433 - Validation loss at step 34600: 0.253725 (no improvement: 7/20)
2025-11-18 20:22:22,349 - ✓ Checkpoint saved at step 34600
2025-11-18 20:22:40,098 - Step 34650/236780 (14.6%), Loss: 0.2504, LR: 9.14e-07, Tokens: 280
2025-11-18 20:22:40,099 -   Scheduler step: 2165, Optimizer step count: 34650
2025-11-18 20:22:57,708 - Step 34700/236780 (14.7%), Loss: 0.2627, LR: 9.16e-07, Tokens: 290
2025-11-18 20:22:57,708 -   Scheduler step: 2168, Optimizer step count: 34700
2025-11-18 20:23:14,186 - Validation loss at step 34700: 0.254126 (no improvement: 8/20)
2025-11-18 20:23:31,843 - Step 34750/236780 (14.7%), Loss: 0.2319, LR: 9.17e-07, Tokens: 304
2025-11-18 20:23:31,843 -   Scheduler step: 2171, Optimizer step count: 34750
2025-11-18 20:23:49,407 - Step 34800/236780 (14.7%), Loss: 0.2317, LR: 9.19e-07, Tokens: 296
2025-11-18 20:23:49,408 -   Scheduler step: 2175, Optimizer step count: 34800
2025-11-18 20:24:05,929 - Validation loss at step 34800: 0.254179 (no improvement: 9/20)
2025-11-18 20:24:09,942 - ✓ Checkpoint saved at step 34800
2025-11-18 20:24:27,821 - Step 34850/236780 (14.7%), Loss: 0.2635, LR: 9.20e-07, Tokens: 286
2025-11-18 20:24:27,821 -   Scheduler step: 2178, Optimizer step count: 34850
2025-11-18 20:24:45,532 - Step 34900/236780 (14.7%), Loss: 0.2600, LR: 9.21e-07, Tokens: 288
2025-11-18 20:24:45,532 -   Scheduler step: 2181, Optimizer step count: 34900
2025-11-18 20:25:02,260 - Validation loss at step 34900: 0.253751 (no improvement: 10/20)
2025-11-18 20:25:20,064 - Step 34950/236780 (14.8%), Loss: 0.2460, LR: 9.22e-07, Tokens: 282
2025-11-18 20:25:20,065 -   Scheduler step: 2184, Optimizer step count: 34950
2025-11-18 20:25:37,729 - Step 35000/236780 (14.8%), Loss: 0.2307, LR: 9.24e-07, Tokens: 317
2025-11-18 20:25:37,729 -   Scheduler step: 2187, Optimizer step count: 35000
2025-11-18 20:25:54,247 - Validation loss at step 35000: 0.253717 (no improvement: 11/20)
2025-11-18 20:25:58,178 - ✓ Checkpoint saved at step 35000
2025-11-18 20:26:15,895 - Step 35050/236780 (14.8%), Loss: 0.2573, LR: 9.25e-07, Tokens: 278
2025-11-18 20:26:15,896 -   Scheduler step: 2190, Optimizer step count: 35050
2025-11-18 20:26:33,820 - Step 35100/236780 (14.8%), Loss: 0.2532, LR: 9.26e-07, Tokens: 287
2025-11-18 20:26:33,820 -   Scheduler step: 2193, Optimizer step count: 35100
2025-11-18 20:26:50,394 - Validation loss at step 35100: 0.253816 (no improvement: 12/20)
2025-11-18 20:27:08,928 - Step 35150/236780 (14.8%), Loss: 0.2687, LR: 9.27e-07, Tokens: 290
2025-11-18 20:27:08,928 -   Scheduler step: 2196, Optimizer step count: 35150
2025-11-18 20:27:28,908 - Step 35200/236780 (14.9%), Loss: 0.2540, LR: 9.29e-07, Tokens: 289
2025-11-18 20:27:28,908 -   Scheduler step: 2200, Optimizer step count: 35200
2025-11-18 20:27:45,479 - Validation loss at step 35200: 0.254311 (no improvement: 13/20)
2025-11-18 20:27:49,389 - ✓ Checkpoint saved at step 35200
2025-11-18 20:28:06,973 - Step 35250/236780 (14.9%), Loss: 0.2491, LR: 9.30e-07, Tokens: 286
2025-11-18 20:28:06,974 -   Scheduler step: 2203, Optimizer step count: 35250
2025-11-18 20:28:25,454 - Step 35300/236780 (14.9%), Loss: 0.2368, LR: 9.32e-07, Tokens: 303
2025-11-18 20:28:25,454 -   Scheduler step: 2206, Optimizer step count: 35300
2025-11-18 20:28:42,373 - Validation loss at step 35300: 0.254163 (no improvement: 14/20)
2025-11-18 20:29:00,040 - Step 35350/236780 (14.9%), Loss: 0.2637, LR: 9.33e-07, Tokens: 285
2025-11-18 20:29:00,040 -   Scheduler step: 2209, Optimizer step count: 35350
2025-11-18 20:29:17,700 - Step 35400/236780 (15.0%), Loss: 0.2561, LR: 9.34e-07, Tokens: 275
2025-11-18 20:29:17,700 -   Scheduler step: 2212, Optimizer step count: 35400
2025-11-18 20:29:36,283 - Validation loss at step 35400: 0.254498 (no improvement: 15/20)
2025-11-18 20:29:40,225 - ✓ Checkpoint saved at step 35400
2025-11-18 20:29:58,547 - Step 35450/236780 (15.0%), Loss: 0.2737, LR: 9.35e-07, Tokens: 275
2025-11-18 20:29:58,547 -   Scheduler step: 2215, Optimizer step count: 35450
2025-11-18 20:30:18,384 - Step 35500/236780 (15.0%), Loss: 0.2438, LR: 9.37e-07, Tokens: 294
2025-11-18 20:30:18,385 -   Scheduler step: 2218, Optimizer step count: 35500
2025-11-18 20:30:40,338 - Validation loss at step 35500: 0.254487 (no improvement: 16/20)
2025-11-18 20:30:58,092 - Step 35550/236780 (15.0%), Loss: 0.2391, LR: 9.38e-07, Tokens: 301
2025-11-18 20:30:58,092 -   Scheduler step: 2221, Optimizer step count: 35550
2025-11-18 20:31:17,315 - Step 35600/236780 (15.0%), Loss: 0.2708, LR: 9.40e-07, Tokens: 267
2025-11-18 20:31:17,315 -   Scheduler step: 2225, Optimizer step count: 35600
2025-11-18 20:31:40,931 - Validation loss at step 35600: 0.253981 (no improvement: 17/20)
2025-11-18 20:31:44,840 - ✓ Checkpoint saved at step 35600
2025-11-18 20:32:03,315 - Step 35650/236780 (15.1%), Loss: 0.2478, LR: 9.41e-07, Tokens: 282
2025-11-18 20:32:03,316 -   Scheduler step: 2228, Optimizer step count: 35650
2025-11-18 20:32:21,684 - Step 35700/236780 (15.1%), Loss: 0.2299, LR: 9.42e-07, Tokens: 294
2025-11-18 20:32:21,684 -   Scheduler step: 2231, Optimizer step count: 35700
2025-11-18 20:32:44,462 - Validation loss at step 35700: 0.254040 (no improvement: 18/20)
2025-11-18 20:33:02,623 - Step 35750/236780 (15.1%), Loss: 0.2245, LR: 9.43e-07, Tokens: 306
2025-11-18 20:33:02,623 -   Scheduler step: 2234, Optimizer step count: 35750
2025-11-18 20:33:20,407 - Step 35800/236780 (15.1%), Loss: 0.2539, LR: 9.45e-07, Tokens: 281
2025-11-18 20:33:20,408 -   Scheduler step: 2237, Optimizer step count: 35800
2025-11-18 20:33:41,477 - Validation loss at step 35800: 0.254334 (no improvement: 19/20)
2025-11-18 20:33:45,386 - ✓ Checkpoint saved at step 35800
2025-11-18 20:34:03,659 - Step 35850/236780 (15.1%), Loss: 0.2263, LR: 9.46e-07, Tokens: 295
2025-11-18 20:34:03,660 -   Scheduler step: 2240, Optimizer step count: 35850
2025-11-18 20:34:22,147 - Step 35900/236780 (15.2%), Loss: 0.2644, LR: 9.47e-07, Tokens: 289
2025-11-18 20:34:22,148 -   Scheduler step: 2243, Optimizer step count: 35900
2025-11-18 20:34:41,883 - Validation loss at step 35900: 0.254459 (no improvement: 20/20)
2025-11-18 20:34:41,883 - Early stopping triggered! No improvement for 20 evaluations.
